Rk,Player,Pos,Age,Tm,G,MP,PER,TS%,3PAr,FTr,ORB%,DRB%,TRB%,AST%,STL%,BLK%,TOV%,USG%,OWS,DWS,WS,WS/48,OBPM,DBPM,BPM,VORP
1,Mahmoud Abdul-Rauf\abdulma02,PG,28,SAC,31,530,10.5,0.405,0.114,0.059,1.2,6.7,3.9,19.7,1.6,0.1,6.4,25.1,-0.5,0.2,-0.3,-0.025,-3.4,-3.7,-7.1,-0.7
2,Tariq Abdul-Wahad\abdulta01,SG,23,SAC,59,959,10.1,0.456,0.053,0.35,5,8.6,6.7,8.9,1.9,0.9,13.6,22.1,-0.8,0.6,-0.2,-0.008,-4.2,-1.7,-5.9,-0.9
3,Shareef Abdur-Rahim\abdursh01,SF,21,VAN,82,2950,21.1,0.562,0.038,0.475,8.9,13.8,11.3,13.5,1.6,1.8,13.6,28.4,6.3,0.6,6.9,0.113,2.6,-1.4,1.2,2.3
4,Cory Alexander\alexaco01,PG,24,TOT,60,1298,15.2,0.548,0.44,0.255,1.5,11.7,6.6,28.7,2.9,0.6,20.1,19.8,1,1.2,2.2,0.081,0.9,-0.8,0.1,0.7
5,Cory Alexander\alexaco01,PG,24,SAS,37,501,11.1,0.512,0.441,0.255,1.7,8.7,5.4,23.2,2.7,0.7,22.6,19.5,-0.2,0.8,0.7,0.065,-1.7,0.2,-1.5,0.1
6,Cory Alexander\alexaco01,PG,24,DEN,23,797,17.8,0.569,0.439,0.255,1.4,13.6,7.3,32.1,3,0.6,18.6,19.9,1.2,0.3,1.5,0.091,2.5,-1.5,1.1,0.6
7,Ray Allen*\allenra02,SG,22,MIL,82,3287,16.2,0.539,0.28,0.297,4.7,10.4,7.5,19.3,1.8,0.3,15,24.3,4.7,2.3,7,0.102,2.6,-0.8,1.8,3.2
8,Derek Anderson\anderde01,SF,23,CLE,66,1839,15.3,0.531,0.143,0.538,3.7,8.7,6.2,21.3,2.5,0.5,15,21.4,2.6,2.8,5.3,0.139,0.4,0.7,1,1.4
9,Greg Anderson\andergr01,C,33,ATL,50,398,10.4,0.444,0.062,0.506,12,22.6,17.4,5.9,2.6,1.8,14.7,13.5,0,0.7,0.7,0.09,-2.8,1.3,-1.6,0
10,Kenny Anderson\anderke01,PG,27,TOT,61,1858,14.8,0.491,0.237,0.288,2.5,8.4,5.4,31.4,2.5,0,15.8,21.8,1.7,2,3.7,0.096,0.5,-1.1,-0.6,0.7
11,Kenny Anderson\anderke01,PG,27,POR,45,1472,13.3,0.48,0.252,0.275,3,7.5,5.3,28.3,2.2,0,16.2,21.7,0.8,1.6,2.3,0.076,0.1,-0.9,-0.8,0.4
12,Kenny Anderson\anderke01,PG,27,BOS,16,386,20.4,0.531,0.184,0.333,0.8,12,5.9,43.4,3.5,0,14.7,22.1,1,0.4,1.4,0.171,2.4,-2,0.4,0.2
13,Nick Anderson\anderni01,SF,30,ORL,58,1701,19.6,0.529,0.284,0.264,6.6,14.1,10.3,14.1,2.3,1,9.2,25,3.1,2.1,5.3,0.149,3.4,-0.1,3.4,2.3
14,Shandon Anderson\andersh01,SG,24,UTA,82,1602,15.7,0.586,0.064,0.37,7.1,10.3,8.8,9.4,2.2,0.8,13.5,19.5,2.9,1.4,4.2,0.127,1.2,-0.5,0.7,1.1
15,Chris Anstey\anstech01,C,23,DAL,41,680,13.2,0.455,0.069,0.32,8.5,17.4,12.8,8.7,2.4,2.8,13.5,20.5,-0.2,0.9,0.6,0.044,-3.6,0.5,-3.1,-0.2
16,Greg Anthony\anthogr01,PG,30,SEA,80,1021,16.8,0.545,0.456,0.229,2.1,10.7,6.5,32.1,3.4,0.2,19.1,21.6,1.4,1.3,2.7,0.127,1.4,-1.2,0.2,0.6
17,B.J. Armstrong\armstbj01,PG,30,TOT,66,831,14.6,0.555,0.164,0.235,2.3,8.6,5.5,29,1.9,0,15.2,15.3,1.6,0.6,2.2,0.124,0.2,-2.4,-2.3,-0.1
18,B.J. Armstrong\armstbj01,PG,30,GSW,4,59,6.3,0.385,0.053,0.368,7,5.6,6.3,16.5,3.6,0,24.1,21.5,-0.2,0.1,-0.1,-0.092,-6.3,0,-6.3,-0.1
19,B.J. Armstrong\armstbj01,PG,30,CHH,62,772,15.2,0.573,0.175,0.222,1.9,8.8,5.4,30,1.7,0,14.1,14.9,1.8,0.5,2.3,0.141,0.7,-2.6,-2,0
20,Darrell Armstrong\armstda01,PG,29,ORL,48,1236,15.7,0.509,0.179,0.324,6.1,9.2,7.6,33.4,2.6,0.3,20.5,20.2,1.2,1.3,2.5,0.096,1.1,0,1.1,1
21,Vincent Askew\askewvi01,SG,31,POR,30,443,6.7,0.464,0.037,0.722,5.7,11.9,8.9,12.5,2.3,0.8,33,10.9,-0.4,0.6,0.2,0.023,-4.8,2.2,-2.6,-0.1
22,Keith Askins\askinke01,SF,30,MIA,46,681,5.5,0.426,0.607,0.156,5,12.2,8.7,6.4,2.2,1.3,16.6,10.7,-0.3,1,0.7,0.05,-2.8,1.7,-1.1,0.2
23,Stacey Augmon\augmost01,SG,29,POR,71,1445,10.3,0.457,0.019,0.419,8.7,10.2,9.5,9.8,2.1,1.6,15.5,16.3,-0.1,1.9,1.8,0.059,-2.8,1.4,-1.3,0.3
24,Isaac Austin\austiis01,C,28,TOT,78,2266,16.3,0.512,0.009,0.417,10.3,18,14.2,14,1.4,1.7,16.7,25,1.2,2.5,3.6,0.077,-1.1,0.4,-0.6,0.8
25,Isaac Austin\austiis01,C,28,MIA,52,1371,16.8,0.521,0.006,0.429,10.5,17.5,14.1,11.8,1.7,1.8,15.6,25.5,1.1,2.2,3.2,0.113,-1.1,0.9,-0.1,0.6
26,Isaac Austin\austiis01,C,28,LAC,26,895,15.6,0.497,0.015,0.398,10.1,18.9,14.4,17.3,1,1.6,18.3,24.2,0.1,0.3,0.4,0.022,-1.1,-0.4,-1.4,0.1
27,Vin Baker\bakervi01,C,26,SEA,82,2944,20.4,0.564,0.006,0.452,11.8,14.8,13.3,9.3,1.7,2.2,11.1,24.7,6.9,3.5,10.4,0.169,1.9,0.2,2,3
28,Charles Barkley*\barklch01,PF,34,HOU,68,2243,21.6,0.564,0.113,0.534,12.9,28.8,20.9,16.6,1.7,0.9,13.8,21.6,6.1,2.5,8.6,0.183,2.8,1.3,4,3.4
29,Dana Barros\barroda01,PG,30,BOS,80,1686,18.6,0.583,0.404,0.236,1.8,9.6,5.3,28.4,2.5,0.3,13.7,20,4.4,1.3,5.6,0.16,3.1,-2.4,0.7,1.1
30,Brent Barry\barrybr01,SG,26,TOT,58,1600,14.3,0.558,0.453,0.265,2.1,10.2,6.1,15.8,2.1,1.1,15.5,18.7,2.1,0.6,2.7,0.08,1.2,-1,0.2,0.9
31,Brent Barry\barrybr01,SG,26,LAC,41,1341,14.9,0.564,0.439,0.275,2.3,9.9,6.1,16.4,1.9,1.1,16,19.6,1.8,0.2,2,0.072,1.6,-1.5,0.1,0.7
32,Brent Barry\barrybr01,SG,26,MIA,17,259,11.2,0.52,0.548,0.194,0.9,11.4,6.3,12.8,3,1.1,11.8,13.7,0.3,0.4,0.7,0.125,-0.7,1.3,0.6,0.2
33,Drew Barry\barrydr01,PG,24,ATL,27,256,10.7,0.64,0.553,0.342,2.4,13.3,8,29.2,2.1,0.3,40.7,13.3,0,0.3,0.3,0.058,-1.9,-1.1,-3.1,-0.1
34,Jon Barry\barryjo01,SG,28,LAL,49,374,13.3,0.518,0.587,0.279,2.5,8.6,5.6,19.7,3.3,0.6,15.9,16.4,0.5,0.4,0.9,0.116,0.4,-0.8,-0.4,0.2
35,Tony Battie\battito01,PF,21,DEN,65,1506,13.3,0.477,0.027,0.198,10.5,17.2,13.7,7.6,1.9,3.4,14.7,20.2,-0.3,0.8,0.5,0.015,-3,-0.4,-3.3,-0.5
36,Corey Beck\beckco01,PG,26,CHH,59,738,9.3,0.516,0.025,0.371,4.5,10.2,7.4,20.4,2.4,0.7,27.5,16,-0.3,0.7,0.4,0.028,-3.2,0.1,-3.1,-0.2
37,Benoit Benjamin\benjabe01,C,33,PHI,14,197,12.5,0.581,0,0.732,10.4,20.6,15.5,2.5,1.1,1.5,18.1,15.1,0.2,0.2,0.4,0.098,-3.1,-1.7,-4.8,-0.1
38,Mario Bennett\bennema01,PF,24,LAL,45,354,22.2,0.573,0.015,0.326,19.7,20.6,20.1,9,2.8,2.2,12,21.8,0.9,0.6,1.5,0.201,2.5,0.4,2.9,0.4
39,David Benoit\benoida01,SF,29,TOT,77,1123,10.5,0.477,0.417,0.181,5.9,15.6,10.5,3.7,1.7,1.3,10.6,19.4,0.5,1.1,1.6,0.067,-1.7,-1.9,-3.7,-0.5
40,David Benoit\benoida01,SF,29,NJN,53,799,10,0.489,0.442,0.164,5.7,15.3,10.2,3.3,1.7,1.5,11.9,17.8,0.4,0.7,1.1,0.067,-1.6,-1.6,-3.1,-0.2
41,David Benoit\benoida01,SF,29,ORL,24,324,11.8,0.453,0.367,0.216,6.4,16.4,11.3,4.5,1.5,0.9,7.9,23.4,0.1,0.4,0.5,0.068,-2.1,-2.8,-4.9,-0.2
42,Travis Best\besttr01,PG,25,IND,82,1547,13.6,0.498,0.146,0.273,2.3,7,4.7,29.9,3,0.2,17.1,20,1.2,2.1,3.3,0.103,-0.3,0,-0.3,0.7
43,Chauncey Billups\billuch01,PG,21,TOT,80,2216,13.6,0.516,0.434,0.355,3,7.1,5,22.6,2.5,0.1,16.7,20.4,2.1,0.9,3,0.065,0.8,-2.6,-1.8,0.1
44,Chauncey Billups\billuch01,PG,21,BOS,51,1296,15.4,0.53,0.416,0.396,3.3,7.3,5.1,26.7,3.1,0.1,18.1,21.7,1.6,1,2.6,0.096,1.5,-1.9,-0.3,0.5
45,Chauncey Billups\billuch01,PG,21,TOR,29,920,11.1,0.493,0.461,0.292,2.6,7,4.7,16.7,1.7,0.1,14.4,18.5,0.6,-0.2,0.4,0.02,-0.2,-3.7,-4,-0.5
46,Mookie Blaylock\blaylmo01,PG,30,ATL,70,2700,16.1,0.462,0.356,0.143,3.7,10.9,7.4,29.5,3.7,0.5,15,20.1,1.9,3.7,5.6,0.099,2.2,1.3,3.6,3.8
47,Corie Blount\blounco01,PF,29,LAL,70,1029,11.9,0.572,0.021,0.417,12.9,19.7,16.4,5.2,1.4,1.7,18.7,11.7,1.2,1.4,2.6,0.12,-1.1,0.6,-0.4,0.4
48,Muggsy Bogues\boguemu01,PG,33,TOT,61,1570,12.4,0.492,0.05,0.211,2,7.1,4.5,33.6,2.2,0.1,22.9,12.7,0.7,1,1.7,0.053,-2.8,-1.4,-4.1,-0.8
49,Muggsy Bogues\boguemu01,PG,33,CHH,2,16,20.6,0.51,0,0.4,0,7.5,3.8,40,6.7,0,14.5,19.9,0,0,0.1,0.193,0.3,-0.2,0.1,0
50,Muggsy Bogues\boguemu01,PG,33,GSW,59,1554,12.3,0.491,0.05,0.208,2,7.1,4.5,33.5,2.2,0.1,23.1,12.7,0.7,1,1.7,0.051,-2.8,-1.4,-4.2,-0.8
51,Etdrick Bohannon\bohanet01,PF,24,IND,5,11,-10.3,0,0,0,23.1,41.7,32.8,12.3,0,12.9,42.9,30.3,-0.2,0,-0.1,-0.52,-23.7,7.8,-15.9,0
52,Keith Booth\boothke01,SF,23,CHI,6,17,13.8,0.579,0.167,1,13.4,13.5,13.5,9,0,0,25.8,30.7,0,0,0,0.107,-2.8,-4.1,-6.9,0
53,Bruce Bowen\bowenbr01,SF,26,BOS,61,1305,11,0.483,0.198,0.409,6.6,9.4,7.9,9.3,3.4,1.7,12.9,13.4,0.8,1.4,2.2,0.081,-1.3,1.5,0.2,0.7
54,Anthony Bowie\bowiean01,SG,34,NYK,27,224,12.9,0.596,0.068,0.153,4.8,9.2,7,8.5,1.5,0.7,10,14.6,0.4,0.3,0.7,0.148,-0.9,0.2,-0.8,0.1
55,Shawn Bradley\bradlsh01,C,25,DAL,64,1822,17.7,0.463,0.004,0.253,9.8,22.1,15.8,5.9,1.5,8.2,10.8,22.3,0,3,2.9,0.077,-3.8,2.8,-1,0.4
56,Terrell Brandon\brandte01,PG,27,MIL,50,1784,20.2,0.526,0.127,0.213,1.6,10.6,6,40,3.3,0.7,15.3,24.2,3.1,2,5.1,0.136,3.1,-0.1,3,2.2
57,Tim Breaux\breauti01,SF,27,MIL,6,30,11.6,0.421,0.273,0.182,0,8.2,4.1,11.1,3.5,2.5,7.8,19.6,0,0,0,0.028,-3.7,-0.3,-4.1,0
58,Scott Brooks\brooksc01,PG,32,CLE,43,312,13.9,0.528,0.167,0.303,2.4,9.3,5.9,25.3,3.1,0.7,13.8,12.8,0.5,0.5,1,0.156,-1.1,0.7,-0.4,0.1
59,Chucky Brown\brownch01,SF,29,ATL,77,1202,10.5,0.472,0.022,0.234,5.8,11.9,9,7.7,1,0.8,11.1,17.8,0.5,0.9,1.4,0.056,-2.9,-1.5,-4.4,-0.7
60,Dee Brown\brownde01,SG,29,TOT,72,1719,14.2,0.555,0.482,0.126,1.5,9.1,5.1,14.8,2.5,1,11,16.9,2.6,0.8,3.4,0.095,1.1,-1.9,-0.8,0.5
61,Dee Brown\brownde01,SG,29,BOS,41,811,11.4,0.524,0.443,0.11,1.3,8.3,4.5,10.4,2.8,0.6,10.7,16,0.7,0.7,1.3,0.078,-0.7,-1.1,-1.8,0
62,Dee Brown\brownde01,SG,29,TOR,31,908,16.8,0.58,0.515,0.14,1.7,9.8,5.6,18.8,2.2,1.3,11.2,17.7,2,0.1,2.1,0.11,2.7,-2.5,0.1,0.5
63,P.J. Brown\brownpj01,PF,28,MIA,74,2362,15,0.522,0,0.334,12.1,19.2,15.8,7.2,1.5,3,12.5,15.3,3.5,4,7.5,0.152,-0.5,2.9,2.4,2.6
64,Randy Brown\brownra02,PG,29,CHI,71,1147,10.1,0.428,0.017,0.258,3.4,6,4.7,19.6,3.3,0.8,15.8,15.6,-0.1,1.9,1.8,0.075,-3.2,1.1,-2.1,0
65,Rick Brunson\brunsri01,PG,25,POR,38,622,9.6,0.481,0.433,0.44,2.7,7.6,5.2,24.8,2.1,0.4,23.6,16,-0.1,0.7,0.6,0.048,-2.3,-1,-3.3,-0.2
66,Kobe Bryant\bryanko01,SG,19,LAL,79,2056,18.5,0.548,0.241,0.501,4.5,8.7,6.7,16,1.8,1.3,12.4,27.2,4.5,1.8,6.3,0.147,1.9,-1.7,0.2,1.1
67,Mark Bryant\bryanma01,C,32,PHO,70,1110,10.2,0.545,0.004,0.422,9.9,15.6,12.8,6,1.7,1,17.9,13.3,1,1.6,2.5,0.109,-2.1,1,-1.1,0.2
68,Jud Buechler\buechju01,SF,29,CHI,74,608,14.1,0.554,0.369,0.034,4.5,10,7.3,12.8,2,1.8,10.5,14.7,1,0.9,1.9,0.151,0.2,0.6,0.7,0.4
69,Matt Bullard\bullama01,SF,30,HOU,67,1190,13.8,0.581,0.594,0.069,2.5,11.9,7.3,8.5,1.4,1.4,8.9,16.8,2,0.5,2.5,0.102,1.4,-1.7,-0.3,0.5
70,Scott Burrell\burresc01,SF,27,CHI,80,1096,15.7,0.516,0.384,0.171,8.3,12.4,10.3,9.5,3.1,2.5,11,18.5,1.5,2.2,3.7,0.163,0.9,1.8,2.8,1.3
71,Willie Burton\burtowi01,SF,29,SAS,13,43,21.4,0.514,0.429,0.571,8.6,15.1,12.1,4.3,2.5,3.3,3.7,29.8,0.1,0.1,0.2,0.229,2.1,-2.2,-0.1,0
72,Mitchell Butler\butlemi02,SG,27,CLE,18,206,4.8,0.36,0.128,0.213,3.6,9.4,6.6,13.7,2.1,0,13.5,13.3,-0.2,0.3,0.1,0.016,-5,0.6,-4.4,-0.1
73,Jason Caffey\caffeja01,PF,24,TOT,80,1423,13.9,0.526,0.004,0.429,12.2,14.6,13.4,8,0.9,1,15.9,20.4,1.2,1.6,2.7,0.093,-1.4,-0.7,-2.1,0
74,Jason Caffey\caffeja01,PF,24,CHI,51,710,14.4,0.548,0.005,0.518,12.2,15.7,14,8,1,1.7,16.4,18.4,0.9,1.1,2,0.138,-1.2,0.2,-1.1,0.2
75,Jason Caffey\caffeja01,PF,24,GSW,29,713,13.4,0.509,0.004,0.363,12.2,13.4,12.8,8,0.9,0.3,15.5,22.4,0.2,0.5,0.7,0.047,-1.6,-1.6,-3.2,-0.2
76,Michael Cage\cagemi01,C,36,NJN,79,1201,10.1,0.531,0.012,0.429,10.4,19.9,14.8,3.6,2,2.7,18.7,4.4,1.1,1.4,2.5,0.1,-1.9,2.9,0.9,0.9
77,Adrian Caldwell\caldwad01,PF,31,DAL,1,3,0,,,,0,0,0,0,0,0,,0,0,0,0,-0.022,-7.3,-0.6,-7.9,0
78,Marcus Camby\cambyma01,C,23,TOR,63,2002,15.9,0.448,0.003,0.327,10.9,15.3,13,9.4,1.8,7.9,13.6,21.6,-0.6,1.5,0.9,0.022,-2.9,2.2,-0.7,0.7
79,Elden Campbell\campbel01,PF,29,LAL,81,1784,16.4,0.527,0.003,0.548,9.3,19.3,14.4,6.9,1,4,12.9,22,2.3,2.4,4.7,0.126,-2.1,0.3,-1.8,0.1
80,Antoine Carr\carran01,PF,36,UTA,66,1086,9.8,0.513,0,0.302,5.1,9.6,7.5,7.2,0.5,3.7,11.5,17.8,0.8,0.7,1.5,0.068,-2.4,-0.4,-2.8,-0.2
81,Chris Carr\carrch01,SG,23,MIN,51,1165,11.6,0.509,0.281,0.219,4.2,10.8,7.6,11.6,0.8,0.7,12.2,21.5,0.7,0.4,1.1,0.046,-0.7,-2.5,-3.2,-0.3
82,Sam Cassell\cassesa01,PG,28,NJN,75,2606,21,0.533,0.069,0.439,3,7.4,5.1,40.4,2.4,0.6,16.3,27.5,6.6,1.7,8.3,0.152,4.1,-1.5,2.6,3
83,Kelvin Cato\catoke01,C,23,POR,74,1007,13.3,0.496,0.013,0.546,10.9,17.9,14.6,3.6,1.5,6.8,13.4,14.7,0.7,2,2.7,0.129,-3.5,3.2,-0.3,0.4
84,Duane Causwell\causwdu01,C,29,MIA,37,363,9.2,0.443,0,0.292,9.7,21.9,16,2.2,1.1,5.4,15.2,15.2,-0.2,0.7,0.5,0.069,-6.2,1.6,-4.6,-0.2
85,Cedric Ceballos\cebalce01,SF,28,TOT,47,990,19.3,0.56,0.169,0.349,8.8,16.8,12.8,11,1.8,1.1,13.1,25.3,1.6,1.2,2.8,0.138,1,-1,0,0.5
86,Cedric Ceballos\cebalce01,SF,28,PHO,35,626,19.2,0.564,0.194,0.326,9.8,17.8,13.9,9.6,1.8,0.9,11.7,24.2,1.2,0.9,2.1,0.163,1.3,-0.8,0.5,0.4
87,Cedric Ceballos\cebalce01,SF,28,DAL,12,364,19.4,0.552,0.127,0.389,7.2,15,11,13.3,1.6,1.5,15.2,27.3,0.4,0.3,0.7,0.094,0.4,-1.4,-1,0.1
88,Tom Chambers\chambto01,PF,38,PHI,1,10,31.5,1.042,0,1,0,23.2,11.5,0,10.6,0,25.8,17.4,0,0,0.1,0.369,3.1,3.1,6.2,0
89,Rex Chapman\chapmre01,SG,30,PHO,68,2263,14.4,0.521,0.325,0.196,1.6,7.2,4.5,14.8,1.6,0.4,10,23.1,2.4,2.1,4.5,0.095,1,-1.5,-0.5,0.8
90,Calbert Cheaney\cheanca01,SG,26,WAS,82,2841,11.7,0.488,0.054,0.219,3.2,10,6.5,9.8,1.8,0.9,8.8,18.4,1.6,2.5,4.1,0.069,-1.5,0.1,-1.3,0.5
91,Pete Chilcutt\chilcpe01,PF,29,VAN,82,1420,12.6,0.526,0.362,0.164,6.3,18.5,12.4,11.3,1.9,1.8,13.9,14,1.2,0.8,2,0.067,-0.4,0,-0.5,0.5
92,Chris Childs\childch01,PG,30,NYK,68,1599,11.6,0.524,0.246,0.356,2.2,10,6.1,26.6,1.9,0.3,20.1,15,1.4,2.3,3.7,0.11,-1.1,0.6,-0.6,0.6
93,Doug Christie\chrisdo01,SG,27,TOR,78,2939,16.2,0.53,0.287,0.305,3.5,12.3,7.7,16.3,3.4,1.3,15.8,21.5,2.4,1.6,4,0.066,1.2,-0.3,0.8,2.1
94,Keith Closs\closske01,C,21,LAC,58,740,14,0.482,0,0.372,9.6,16.3,12.9,4.2,0.8,7.3,13.6,16.7,0.1,0.5,0.6,0.041,-4.2,1,-3.3,-0.2
95,Derrick Coleman\colemde01,PF,30,PHI,59,2135,17.5,0.5,0.113,0.451,8,23.8,15.8,12.3,1.1,2.4,13.1,25.2,1.8,2.7,4.4,0.1,-0.6,0.4,-0.2,1
96,Bimbo Coles\colesbi01,PG,29,GSW,53,1471,10.4,0.444,0.13,0.201,1.2,7.9,4.5,27.9,1.8,0.6,15.7,16.8,-0.1,1,0.9,0.029,-2.7,-1.1,-3.8,-0.7
97,James Collins\collija01,SG,24,LAC,23,103,15.3,0.482,0.364,0.255,7.7,7.8,7.7,5.4,3,2,11.6,29.8,0,0,0,0.008,-1.1,-4.1,-5.2,-0.1
98,Marty Conlon\conloma01,C,30,MIA,18,209,17.2,0.541,0,0.71,9.3,16.3,12.9,9.8,2.4,1.7,11.9,20.6,0.4,0.4,0.8,0.177,-0.9,0.9,0,0.1
99,Tyrone Corbin\corbity01,SF,35,ATL,79,2699,12,0.502,0.189,0.171,3.5,12,7.9,10.6,2.1,0.2,9.7,15.3,2.9,2.7,5.5,0.098,0.2,0.5,0.7,1.8
100,James Cotton\cottoja02,SG,22,SEA,9,33,12.5,0.481,0.19,0.429,7.4,14.2,10.9,0,1.6,2.3,19.4,43.5,-0.1,0,-0.1,-0.104,-11.2,-9.3,-20.5,-0.2
101,Chris Crawford\crawfch01,PF,22,ATL,40,256,20.4,0.536,0.027,0.618,9.5,9.3,9.4,6.4,2.6,1.9,11.4,28.6,0.6,0.3,0.9,0.17,-0.4,-2.5,-2.9,-0.1
102,Austin Croshere\croshau01,PF,22,IND,26,243,7.7,0.412,0.151,0.163,5.2,16.5,11.1,5.4,2,1.5,12.4,20.6,-0.4,0.4,0,0.003,-5.4,0.2,-5.2,-0.2
103,John Crotty\crottjo01,PG,28,POR,26,379,7,0.457,0.222,0.378,1.3,8.3,4.9,25.5,1.4,0.2,28.6,17.6,-0.4,0.3,-0.1,-0.013,-5.4,-1.8,-7.2,-0.5
104,Terry Cummings\cummite01,PF,36,TOT,74,1185,13.7,0.496,0.002,0.229,9.5,18.6,14,7.3,1.7,0.6,9.8,20.2,0.9,1.6,2.6,0.103,-2,-0.6,-2.7,-0.2
105,Terry Cummings\cummite01,PF,36,PHI,44,656,12.9,0.49,0.005,0.274,9.6,16.4,13,5.6,1.8,0.6,6.7,17.4,0.8,0.7,1.4,0.106,-1.7,-1.4,-3.1,-0.2
106,Terry Cummings\cummite01,PF,36,NYK,30,529,14.6,0.501,0,0.185,9.5,21.2,15.3,9.3,1.6,0.7,12.7,23.7,0.1,1,1.1,0.101,-2.4,0.3,-2.1,0
107,William Cunningham\cunniwi01,C,23,TOT,7,39,9.3,0.444,0,0,13.6,14.5,15.3,3.9,2.8,0,0,10.7,0.1,0.1,0.1,0.131,-0.5,-0.5,-1.1,0
108,William Cunningham\cunniwi01,C,23,UTA,6,38,8.7,0.444,0,0,14,12.3,13.1,4,2.8,0,0,11,0.1,0,0.1,0.122,-0.1,-0.4,-0.5,0
109,William Cunningham\cunniwi01,C,23,PHI,1,1,33.3,,,,0,100,100,0,0,0,,0,0,0,0,0.473,-17.3,-4.8,-22.1,0
110,Bill Curley\curlebi01,PF,25,MIN,11,146,7.8,0.495,0.03,0.091,8.6,13.1,10.9,4,1.1,0.5,8,11.4,0.1,0.1,0.2,0.068,-2.4,-1.4,-3.8,-0.1
111,Dell Curry\curryde01,SG,33,CHH,52,971,15.1,0.536,0.334,0.12,3.3,9.2,6.3,12.9,1.7,0.3,10.6,24.3,1,0.7,1.7,0.085,1.2,-2.7,-1.5,0.1
112,Michael Curry\currymi01,SG,29,MIL,82,1978,9.1,0.548,0.022,0.421,1.6,4.5,3,10.9,1.5,0.5,13.5,13.2,2.1,0.9,2.9,0.071,-1.8,-1.1,-2.9,-0.5
113,Erick Dampier\dampier01,C,22,GSW,82,2656,14,0.502,0.003,0.504,10.6,18.3,14.4,6.1,0.8,3.6,15.3,18.7,1.1,2.9,4,0.072,-2.5,1.4,-1.1,0.6
114,Antonio Daniels\daniean01,SG,22,VAN,74,1956,9.9,0.465,0.095,0.31,1.3,7.1,4.2,26.6,1.5,0.4,20.8,17.9,-0.9,-0.4,-1.3,-0.032,-3.1,-3.2,-6.2,-2.1
115,Lloyd Daniels\daniell01,SG,30,TOR,6,82,13.5,0.509,0.31,0.345,5.3,4.3,4.8,8.2,1.9,1.7,10.7,20,0.1,0,0.1,0.04,-1.1,-4,-5.1,-0.1
116,Yinka Dare\dareyi01,C,25,NJN,10,60,4.5,0.279,0,0.444,18.1,14.4,16.4,2.4,0,2.5,8.5,17,-0.1,0,-0.1,-0.051,-6.3,-3,-9.4,-0.1
117,Antonio Davis\davisan01,PF,29,IND,82,2191,15.3,0.558,0.006,0.754,11.1,19.2,15.4,4.5,1.1,2.3,12.8,17.5,3.8,3.6,7.4,0.162,-0.4,1.3,1,1.6
118,Ben Davis\davisbe01,PF,25,NYK,7,13,7.7,0.2,0,0,55.2,0,27.7,0,4.2,0,0,36.1,-0.1,0,0,-0.127,-6,-10.5,-16.4,0
119,Dale Davis\davisda01,C,28,IND,78,2174,15.2,0.546,0,0.345,13.6,19.9,16.9,5.3,1.3,2.8,11.3,14.2,3.4,3.8,7.1,0.158,0.4,2.7,3.1,2.8
120,Emanual Davis\davisem01,PG,29,HOU,45,599,9.2,0.581,0.507,0.261,2,7.2,4.6,15.4,1.5,0.4,24.7,15.9,0.2,0.1,0.3,0.022,-1.8,-2.4,-4.2,-0.3
121,Hubert Davis\davishu01,SG,27,DAL,81,2378,12.5,0.549,0.3,0.151,1.6,6.5,4,11.4,1,0.1,9.7,17.4,3.1,0.3,3.4,0.068,0,-2.7,-2.7,-0.4
122,Mark Davis\davisma02,SF,24,PHI,71,906,10.9,0.489,0.025,0.414,8.1,12,10,13.5,2.9,1.5,24,18.8,-0.8,1,0.2,0.01,-3.4,0.9,-2.5,-0.1
123,Terry Davis\daviste01,PF,30,WAS,74,1705,10.5,0.524,0.004,0.465,13.5,18.7,16,2.5,1.3,1,15.4,9.5,1.8,1.9,3.6,0.103,-2,0.4,-1.7,0.1
124,Todd Day\dayto01,SG,28,MIA,5,69,14.8,0.429,0.387,0.29,7,3.3,5.1,18.1,5.5,0,7.9,25.7,0,0.1,0.1,0.102,1.3,0,1.3,0.1
125,Andrew DeClercq\declean01,C,24,BOS,81,1523,13.2,0.53,0.003,0.494,12.8,18,15.2,5.9,2.9,2.5,16.9,14.1,1.4,2.1,3.4,0.108,-1.6,1.7,0.1,0.8
126,Terry Dehere\deherte01,PG,26,SAC,77,1410,10.8,0.494,0.293,0.22,1.6,6.9,4.2,22.4,1.9,0.2,16.3,18.6,0.3,0.7,1,0.035,-1.7,-2.4,-4.2,-0.8
127,Vinny Del Negro\delnevi01,SG,31,SAS,54,1721,11.1,0.493,0.081,0.194,0.9,8.8,5.1,17.5,1.2,0.2,9.3,15.6,1.6,2.1,3.7,0.104,-1.4,0.3,-1,0.4
128,Bison Dele\delebi01,C,28,DET,78,2619,18.1,0.542,0.003,0.269,10.1,21.6,15.8,7,1.4,1.6,13.5,23.9,3.2,3.7,6.9,0.126,-0.4,0,-0.4,1.1
129,Tony Delk\delkto01,PG,24,TOT,77,1681,13.1,0.452,0.197,0.189,2.3,8.8,5.5,19.3,2.3,0.5,11.2,25.3,-0.6,1.3,0.8,0.022,-1.3,-1.4,-2.7,-0.3
130,Tony Delk\delkto01,PG,24,CHH,3,34,2.4,0.82,0.25,0.5,0,7,3.6,13.3,0,0,45,12.1,0,0,0,-0.025,-4.3,-3.3,-7.6,0
131,Tony Delk\delkto01,PG,24,GSW,74,1647,13.3,0.45,0.196,0.188,2.4,8.8,5.5,19.4,2.3,0.5,10.9,25.5,-0.5,1.3,0.8,0.023,-1.2,-1.4,-2.6,-0.3
132,Vlade Divac*\divacvl01,C,29,CHH,64,1805,19.4,0.539,0.026,0.351,12.4,22.2,17.3,15.8,2.5,3.8,15.6,18.8,2.9,3,5.9,0.157,1.4,3.8,5.2,3.3
133,Sherman Douglas\douglsh01,PG,31,NJN,80,1699,15.6,0.541,0.089,0.334,3.3,6,4.6,30.4,1.7,0.3,15.7,17.9,3.3,0.7,4,0.112,1.1,-2.5,-1.4,0.3
134,Clyde Drexler*\drexlcl01,SG,35,HOU,70,2473,19.8,0.531,0.315,0.327,5.1,11.4,8.3,27.6,2.7,1.2,13.5,25.7,5,1.8,6.8,0.133,4,0.1,4.1,3.8
135,Chris Dudley\dudlech02,C,32,NYK,51,858,9.5,0.428,0,0.643,15,23.5,19.2,3.7,0.8,4.6,19.3,12.4,-0.3,1.7,1.5,0.084,-4.7,3.1,-1.6,0.1
136,Joe Dumars*\dumarjo01,SG,34,DET,72,2326,14.3,0.549,0.539,0.195,0.7,4.6,2.7,18.9,1,0.1,8.9,18.9,4.8,1.2,5.9,0.122,2.9,-3.1,-0.2,1
137,Tony Dumas\dumasto01,SG,25,CLE,7,47,5.4,0.526,0.333,0.25,2.7,10.3,6.5,18.3,0,0,27.3,18,-0.1,0,0,-0.03,-4.8,-2.4,-7.1,-0.1
138,Tim Duncan\duncati01,PF,21,SAS,82,3204,22.6,0.577,0.008,0.375,10.5,23.8,17.6,13.7,0.9,4.5,15.7,26,5.6,7.2,12.8,0.192,1.8,3.7,5.5,6
139,Ledell Eackles\eacklle01,SG,31,WAS,42,547,12.2,0.542,0.263,0.337,5,10.7,7.8,4.6,1.6,0,12.6,18.7,0.6,0.4,1,0.088,-1.6,-2.3,-4,-0.3
140,Tyus Edney\edneyty01,PG,24,BOS,52,623,17.8,0.523,0.046,0.514,3.5,7.2,5.2,36.3,4.2,0.1,19.9,23,0.8,0.7,1.4,0.112,-0.2,-1.6,-1.8,0
141,Blue Edwards\edwarbl01,SG,32,VAN,81,1968,14.5,0.521,0.162,0.29,3.6,9.1,6.3,17.2,2.3,1,13.8,21.9,1.8,0.3,2.1,0.052,0.1,-1.8,-1.7,0.1
142,Kevin Edwards\edwarke01,SG,32,TOT,39,487,9.5,0.416,0.091,0.212,4.6,8.6,6.5,12.9,2.8,0.1,14.3,19.2,-0.3,0.4,0.1,0.009,-3.5,-0.6,-4.1,-0.3
143,Kevin Edwards\edwarke01,SG,32,NJN,27,352,8.1,0.404,0.104,0.142,3.4,8.1,5.6,11.1,3.1,0,15.1,16.4,-0.3,0.3,0,-0.001,-3.9,-0.2,-4.1,-0.2
144,Kevin Edwards\edwarke01,SG,32,ORL,12,135,13.1,0.435,0.068,0.339,7.7,9.8,8.7,17.5,2,0.5,12.9,26.4,0,0.1,0.1,0.035,-2.4,-1.6,-4,-0.1
145,Howard Eisley\eisleho01,PG,25,UTA,82,1726,13.6,0.541,0.227,0.287,1.9,9.5,6,32.1,1.7,0.6,21.5,20,1.7,1.2,2.9,0.081,0.2,-1.8,-1.6,0.2
146,Mario Elie\eliema01,SF,34,HOU,73,1988,12.9,0.575,0.414,0.382,2.3,6.9,4.6,17.4,2.1,0.3,15.8,14.4,3.2,0.6,3.8,0.092,0.8,-1.2,-0.4,0.8
147,Sean Elliott\elliose01,SF,29,SAS,36,1012,9.5,0.495,0.297,0.257,1.9,11.6,7.1,10,1.3,1,14.5,18.3,-0.1,1.5,1.4,0.065,-2.2,0.7,-1.5,0.1
148,Dale Ellis\ellisda01,SF,37,SEA,79,1939,16.6,0.612,0.391,0.203,3.2,8.1,5.7,7.7,1.7,0.2,8.8,20,4.6,1.4,6,0.149,2.8,-2.3,0.5,1.2
149,Harold Ellis\ellisha01,SF,27,DEN,27,344,18.1,0.591,0.036,0.568,9,8.1,8.6,10.5,3,0.9,12,20.9,0.8,0.1,0.9,0.119,1.4,-2.1,-0.8,0.1
150,LaPhonso Ellis\ellisla01,SF,27,DEN,76,2575,14.4,0.484,0.2,0.254,6.5,18.8,12.5,15.9,1.4,1.4,13.4,22.9,0.7,0.7,1.4,0.025,-0.5,-1.2,-1.7,0.2
151,Pervis Ellison\ellispe01,PF,30,BOS,33,447,13.1,0.589,0,0.486,12.6,16.4,14.4,10.3,2.3,5.4,24.8,10.9,0.4,0.6,1.1,0.113,-1.6,3.7,2.1,0.5
152,Brian Evans\evansbr01,SF,24,TOT,72,893,12,0.476,0.279,0.183,6.2,12,9,10.5,1.8,1.1,10.1,18.9,0.7,0.8,1.5,0.081,-1,-0.9,-1.9,0
153,Brian Evans\evansbr01,SF,24,ORL,44,561,12,0.454,0.218,0.233,6.4,11.6,8.9,9.8,2.2,1,9.6,20.5,0.2,0.6,0.8,0.072,-1.7,-0.7,-2.4,-0.1
154,Brian Evans\evansbr01,SF,24,NJN,28,332,12,0.523,0.396,0.085,5.9,12.7,9.1,11.5,1.1,1.1,11.3,16.2,0.5,0.2,0.7,0.097,0.3,-1.4,-1.1,0.1
155,Patrick Ewing*\ewingpa01,C,35,NYK,26,848,23.3,0.557,0.005,0.462,8.3,29.3,18.8,6.8,1,5.3,13.7,31.1,1,2,3,0.168,-1.8,1.6,-0.2,0.4
156,Tony Farmer\farmeto01,C,28,CHH,27,169,13.9,0.477,0.17,0.736,11.5,11.3,11.4,4.6,3.2,1.7,11.4,21.7,0.2,0.2,0.4,0.109,-1.7,-1,-2.7,0
157,Jamie Feick\feickja01,PF,23,MIL,45,450,12.1,0.472,0.144,0.456,12.1,21.6,16.8,5.5,3,2.8,16.3,13.1,0.1,0.7,0.9,0.091,-2.5,2.1,-0.4,0.2
158,Duane Ferrell\ferredu01,SF,32,GSW,50,461,6.4,0.389,0.054,0.198,5.6,5.2,5.4,9,2.4,0.9,13,13.1,-0.4,0.3,0,-0.004,-5,0.4,-4.6,-0.3
159,Danny Ferry\ferryda01,PF,31,CLE,69,1034,7.5,0.479,0.346,0.14,2.8,10.6,6.8,9.5,1.3,1.2,14.9,15.9,-0.4,1.4,1,0.049,-3.2,0.2,-3,-0.3
160,Michael Finley\finlemi01,SF,24,DAL,82,3394,19.3,0.522,0.162,0.276,4.8,9.6,7.2,22.7,2.1,0.6,11.5,25.7,5.5,2,7.5,0.106,3.2,-0.8,2.4,3.7
161,Derek Fisher\fishede01,PG,23,LAL,82,1760,12.9,0.533,0.214,0.402,2.5,9.7,6.2,27,2.2,0.2,21.1,14.1,2.2,1.6,3.8,0.104,-0.5,-0.8,-1.3,0.3
162,Danny Fortson\fortsda01,PF,21,DEN,80,1811,14.3,0.537,0.005,0.555,11.5,17.8,14.6,8,1.3,1.2,17.1,23.1,1.5,0.4,1.9,0.051,-1.7,-2.6,-4.3,-1
163,Greg Foster\fostegr01,C,29,UTA,78,1446,8.9,0.483,0.022,0.208,7.8,15.2,11.7,5.6,0.6,1.5,13,16.8,0.3,1,1.3,0.045,-2.8,-1.1,-3.9,-0.7
164,Rick Fox\foxri01,SF,28,LAL,82,2709,12.5,0.564,0.344,0.298,3.3,11.4,7.5,15.5,1.9,1.2,18.7,17.5,2.5,2.8,5.3,0.093,0.7,0.6,1.3,2.2
165,Adonal Foyle\foylead01,C,22,GSW,55,656,9.2,0.418,0.006,0.365,11.5,18.6,15,3.5,1,5.4,20.2,16.4,-1,0.9,-0.1,-0.009,-6.9,1.6,-5.4,-0.6
166,Todd Fuller\fulleto02,C,23,GSW,57,613,11.8,0.473,0.02,0.39,10.3,24.2,17.1,2.8,0.5,1.8,13.3,19.7,0,0.7,0.7,0.053,-5.7,-2.3,-8,-0.9
167,Lawrence Funderburke\fundela01,PF,27,SAC,52,1094,16.2,0.534,0.018,0.415,8,16,11.9,10,0.9,0.9,11.8,21.3,1.4,0.7,2.1,0.092,-1.1,-1.5,-2.6,-0.2
168,Chris Garner\garnech01,PG,22,TOR,38,293,5.6,0.363,0.2,0.1,2.6,6.8,4.6,23.1,3.7,0.9,25.5,14.7,-0.5,0.1,-0.4,-0.069,-5.8,-1.9,-7.7,-0.4
169,Kevin Garnett\garneke01,PF,21,MIN,82,3222,20.4,0.527,0.012,0.257,7.9,19.7,13.9,18.2,2.2,3.3,11.8,22.5,5.3,4.2,9.6,0.143,1.9,2.9,4.8,5.5
170,Dean Garrett\garrede01,C,31,DEN,82,2632,12.1,0.465,0,0.312,9.9,19.2,14.4,5.8,1.2,3.8,11.6,12.6,1.2,1.1,2.2,0.041,-2.8,0.9,-1.9,0.1
171,Kiwane Garris\garriki01,SG,23,DEN,28,225,8.7,0.447,0.215,0.385,1.5,8.6,5,21.4,1.7,0.3,16.5,18.4,-0.1,0,-0.1,-0.03,-4.2,-4.1,-8.2,-0.4
172,Chris Gatling\gatlich01,PF,30,NJN,57,1359,16,0.496,0.007,0.486,9.4,19.7,14.2,6.7,2,1.6,13,24.3,0.9,1.5,2.4,0.084,-1.7,-0.7,-2.4,-0.1
173,Reggie Geary\gearyre01,PG,24,SAS,62,685,6.8,0.392,0.237,0.331,3.4,7.6,5.6,16.6,2.9,1.2,17.8,16.1,-0.9,1.2,0.3,0.023,-4.3,1.5,-2.8,-0.1
174,Matt Geiger\geigema01,C,28,CHH,78,1839,20.2,0.544,0.016,0.333,13,21.1,17.1,7.6,2,3.5,12,23.2,3.2,2.7,5.9,0.154,0.4,0.8,1.2,1.5
175,Kendall Gill\gillke01,SF,29,NJN,81,2733,14.9,0.486,0.104,0.336,4.5,12.6,8.3,11.9,3,1.7,10,19.8,2.9,3,5.9,0.104,0.3,1.6,1.8,2.6
176,Armen Gilliam\gilliar01,PF,33,MIL,82,2114,16.4,0.56,0.006,0.493,8.4,17.1,12.7,8.5,1.6,1.3,15.2,20.9,3.1,2.1,5.3,0.119,-0.5,-0.2,-0.8,0.7
177,Anthony Goldwire\goldwan01,PG,26,DEN,82,2212,13.6,0.523,0.258,0.292,2.1,5.9,3.9,22.5,2.1,0.2,10.6,16.5,3.3,-0.4,3,0.064,0.4,-3.3,-2.9,-0.5
178,Greg Graham\grahagr01,SG,27,CLE,6,56,2.1,0.621,0.25,0.167,0,2.2,1.1,18.3,1,0,43.7,18.9,-0.2,0,-0.1,-0.096,-8,-3.6,-11.5,-0.1
179,Brian Grant\grantbr01,SF,25,POR,61,1921,16.7,0.561,0.002,0.409,12.4,20.9,16.8,7.7,1.2,1.7,14.3,18.1,3.3,3,6.3,0.157,0.1,1.2,1.3,1.6
180,Gary Grant\grantga01,PG,32,POR,22,359,16.1,0.529,0.204,0.151,2.7,12.5,7.8,38.5,2.5,0.4,19.5,15.5,0.6,0.5,1.1,0.147,0,-0.5,-0.5,0.1
181,Harvey Grant\grantha01,SF,32,WAS,65,895,7.5,0.406,0.031,0.153,7.4,14.2,10.7,6.3,1.3,1.2,11.1,11.7,-0.2,0.9,0.7,0.037,-4.3,0.4,-3.9,-0.4
182,Horace Grant\grantho01,C,32,ORL,76,2803,15.4,0.488,0.008,0.232,9.4,16.8,13,11,1.6,2,8.5,16.9,3.6,3.6,7.1,0.122,0.2,2.1,2.4,3.1
183,Ed Gray\grayed01,SG,22,ATL,30,472,13,0.492,0.228,0.322,2.3,8.7,5.6,12.8,1.7,1.6,11.5,25.6,0.4,0.4,0.8,0.083,-1.2,-2.4,-3.6,-0.2
184,Jeff Grayer\grayeje01,SG,32,TOT,5,34,2.7,0.455,0.545,0,0,12.9,6.3,9.3,3.1,0,26.7,19.7,-0.1,0,-0.1,-0.111,-7,-1.7,-8.7,-0.1
185,Jeff Grayer\grayeje01,SG,32,CHH,1,11,-20,0,0.75,0,0,0,0,12.1,0,0,33.3,25.2,-0.1,0,-0.1,-0.624,-20.3,-7.7,-28,-0.1
186,Jeff Grayer\grayeje01,SG,32,GSW,4,23,13.5,0.714,0.429,0,0,19.1,9.3,8,4.6,0,22.2,17.1,0,0,0.1,0.135,-0.7,1.2,0.5,0
187,A.C. Green\greenac01,PF,34,DAL,82,2649,12.8,0.496,0.007,0.303,9,19.3,14,7.3,1.6,0.7,10.1,11.6,2.8,2.4,5.2,0.095,-1.7,1,-0.7,0.9
188,Litterial Green\greenli01,PG,27,MIL,21,124,5.4,0.393,0.087,0.87,1,6,3.4,18.7,1.7,0,20.1,14.6,-0.1,0.1,-0.1,-0.024,-6,-2.6,-8.6,-0.2
189,Derek Grimm\grimmde01,SF,23,SAC,9,34,7.9,0.47,0.857,0.143,0,13.4,6.5,0,4.6,2,16.8,23.4,-0.1,0.1,0,-0.012,-4.3,-2.7,-6.9,0
190,Tom Gugliotta\guglito01,SF,28,MIN,41,1582,20.5,0.561,0.027,0.351,7.7,17.8,12.8,17.9,2,1,12.9,23.6,3.4,1.5,5,0.151,2.7,0.8,3.6,2.2
191,Jack Haley\haleyja01,C,34,NJN,16,51,7.2,0.404,0.056,1.167,10.7,24.2,17,0,0,1.5,12.8,26.6,-0.1,0,0,-0.034,-9.7,-8.4,-18.1,-0.2
192,Darvin Ham\hamda01,SF,24,WAS,71,635,9.2,0.531,0,0.712,12.5,10.9,11.7,3.6,1.7,2.8,21.3,12.1,0.2,0.7,0.9,0.069,-2.9,0.9,-2,0
193,Tom Hammonds\hammoto01,PF,30,MIN,57,1140,12.1,0.569,0.004,0.537,10.1,16.9,13.5,4.6,0.7,1.1,13.6,13.7,1.7,0.7,2.4,0.102,-1.3,-1.1,-2.4,-0.1
194,Reggie Hanson\hansore01,SF,29,BOS,8,26,6.9,0.5,0,0,12.5,14.9,13.6,5.9,4,3,33.3,15,0,0,0,0.001,-5.3,2.4,-2.8,0
195,Anfernee Hardaway\hardaan01,SG,26,ORL,19,625,15.9,0.479,0.183,0.432,1.5,13.1,7.2,20.4,2.5,1.7,12.4,27.2,0.3,0.8,1.1,0.085,-0.2,0.3,0.2,0.3
196,Tim Hardaway\hardati01,PG,31,MIA,81,3031,20.6,0.53,0.341,0.254,1.9,9.4,5.8,41.3,2.4,0.4,13.5,25.6,7.9,3.8,11.7,0.185,5.1,-0.5,4.6,5.1
197,Derek Harper\harpede01,SG,36,ORL,66,1761,11.5,0.491,0.303,0.146,1.5,5.5,3.4,23.2,2.3,0.4,14.9,17.6,0.9,1.5,2.3,0.063,-0.5,-1.3,-1.8,0.1
198,Ron Harper\harpero01,PG,34,CHI,82,2284,14.7,0.503,0.126,0.325,5.3,9.2,7.3,16.4,2.5,1.5,10.7,16.7,3.4,3.7,7.2,0.151,0.4,1.9,2.3,2.5
199,Othella Harrington\harriot01,PF,24,HOU,58,903,13.7,0.547,0.004,0.459,9.7,17.4,13.6,4.4,0.6,2.1,12.8,18.4,1.3,0.5,1.7,0.092,-2.4,-1.9,-4.4,-0.5
200,Lucious Harris\harrilu01,SG,27,NJN,50,671,10.4,0.475,0.22,0.311,3.4,5.7,4.5,9.4,3.3,0.6,9.5,14.4,0.6,0.5,1.1,0.08,-1,0.1,-1,0.2
201,Hersey Hawkins\hawkihe01,SG,31,SEA,82,2597,15.4,0.594,0.473,0.321,3.3,11.9,7.7,12.8,3,0.5,12.3,14.8,5.3,3.3,8.6,0.158,2.4,1.2,3.6,3.7
202,Alan Henderson\hendeal01,PF,25,ATL,69,2000,18.4,0.534,0.008,0.515,12.2,13.8,13,6.7,1.1,1.3,10.6,23.9,4.2,1.8,6,0.144,0.9,-1.7,-0.8,0.6
203,Cedric Henderson\hendece02,SF,22,CLE,82,2527,10.7,0.514,0.006,0.262,3.5,12.2,7.9,11.6,2,1.4,16.9,17.8,-0.2,4,3.8,0.072,-2.6,2.2,-0.5,1
204,Mark Hendrickson\hendrma01,PF,23,SAC,48,737,9.4,0.468,0.034,0.383,4.9,17,10.8,8.3,1.8,0.8,15.1,12.4,0,0.7,0.8,0.049,-4.3,0.6,-3.7,-0.3
205,Steve Henson\hensost01,PG,29,DET,23,65,14.1,0.619,0.308,0.269,0,3.7,1.8,11.9,0.8,0,17.1,25.1,0.1,0,0.1,0.098,-0.6,-5.6,-6.1,-0.1
206,Carl Herrera\herreca01,PF,31,SAS,58,516,8.1,0.437,0.006,0.251,5.7,14.1,10.2,7.3,2,1.6,16.4,21.1,-0.9,0.9,0.1,0.006,-6.1,0.7,-5.4,-0.4
207,Sean Higgins\higgise01,SF,29,POR,2,12,-15.1,0,0.4,0,0,0,0,0,8.9,0,16.7,22.6,-0.1,0,-0.1,-0.414,-16.8,2.7,-14.1,0
208,Grant Hill*\hillgr01,SF,25,DET,81,3294,21.2,0.52,0.015,0.475,3.3,19.3,11.3,31.5,2.4,1.2,14.8,27.3,5.2,5.1,10.2,0.149,2.4,2.4,4.8,5.6
209,Tyrone Hill\hillty01,PF,29,MIL,57,2064,13.6,0.538,0.002,0.61,12.4,23.6,18,6.8,1.7,1.1,16.7,14.1,2.2,2.6,4.8,0.113,-0.4,1.6,1.2,1.6
210,Fred Hoiberg\hoibefr01,SG,25,IND,65,874,11.2,0.517,0.383,0.311,2,14.3,8.5,8.1,2.5,0.2,8,14.9,0.9,1.4,2.3,0.127,-0.5,1.1,0.5,0.6
211,Jerald Honeycutt\honeyje01,PF,23,MIL,38,530,11.8,0.497,0.348,0.262,6.2,15.3,10.7,11.1,2,0.8,16.6,25.4,-0.2,0.5,0.3,0.029,-1.5,-1.8,-3.3,-0.2
212,Jeff Hornacek\hornaje01,SG,34,UTA,80,2460,19.3,0.587,0.153,0.389,3.5,9.7,6.8,23.9,2.4,0.5,12,20.8,7.4,2.1,9.5,0.186,4,-0.3,3.7,3.5
213,Robert Horry\horryro01,PF,27,LAL,72,2192,14.4,0.542,0.221,0.402,9.8,17.9,14,10.6,2.6,3,16.7,11.9,3,3.6,6.6,0.144,0.9,3.8,4.8,3.7
214,Allan Houston\houstal01,SG,26,NYK,82,2848,15.1,0.53,0.167,0.262,1.8,9.8,5.8,14.3,1.2,0.7,12.3,26.7,2.5,3.5,6.1,0.102,0.1,-0.6,-0.4,1.1
215,Juwan Howard\howarju01,PF,24,WAS,64,2559,15.2,0.515,0.002,0.361,6.9,13.2,10,13.6,1.7,0.6,13.9,23.2,2.1,2.4,4.6,0.086,-0.1,0.3,0.2,1.5
216,Stephen Howard\howarst01,SF,27,SEA,13,53,9.8,0.432,0,0.857,13.8,13.3,13.5,9.1,3,1.4,17.2,30.5,-0.1,0.1,0,-0.02,-5.9,-1.6,-7.5,-0.1
217,Troy Hudson\hudsotr01,PG,21,UTA,8,23,19.1,0.429,0.214,0,5.8,5.1,5.4,35.1,4.7,0,6.7,30.2,0,0,0,0.075,2.7,-1.8,1,0
218,Lindsey Hunter\hunteli01,PG,27,DET,71,2505,12.4,0.472,0.321,0.237,2.9,8.9,5.9,15.1,2.7,0.3,10.8,19,1.2,2.8,4,0.077,0.3,0.4,0.7,1.7
219,Bobby Hurley\hurlebo01,PG,26,TOT,61,875,9,0.461,0.092,0.319,1.5,7.1,4.3,31.2,1.4,0,24.1,18.2,-0.6,0,-0.5,-0.029,-4.4,-4.1,-8.5,-1.4
220,Bobby Hurley\hurlebo01,PG,26,SAC,34,417,10.2,0.488,0.13,0.322,1.8,7.9,4.8,30.1,1.6,0,24.2,18.5,-0.2,0.2,0,0.001,-4,-3.1,-7.1,-0.5
221,Bobby Hurley\hurlebo01,PG,26,VAN,27,458,7.9,0.435,0.057,0.317,1.3,6.3,3.8,32.2,1.1,0,23.9,17.9,-0.4,-0.2,-0.5,-0.056,-4.7,-5,-9.7,-0.9
222,Zydrunas Ilgauskas\ilgauzy01,C,22,CLE,82,2379,19.7,0.564,0.005,0.345,14.6,22.6,18.6,5.7,1.2,4.3,12.6,22.4,4.5,4.9,9.4,0.189,0.3,1.7,2,2.4
223,Allen Iverson*\iversal01,PG,22,PHI,80,3150,20.4,0.535,0.167,0.38,3.1,7.7,5.4,30.6,3,0.6,12.9,26.9,6.3,2.8,9,0.138,4.5,-0.7,3.8,4.6
224,Bobby Jackson\jacksbo01,PG,24,DEN,68,2042,13.6,0.453,0.102,0.231,4.4,13.3,8.7,29.5,2.8,0.4,17.4,23.5,-1.3,0.7,-0.6,-0.014,-1.2,-1,-2.2,-0.1
225,Jaren Jackson\jacksja01,SG,30,SAS,82,2226,9.7,0.511,0.454,0.18,3,7.6,5.4,11.4,1.5,0.3,12.8,17.1,1.3,2.8,4.1,0.088,-0.2,0,-0.1,1
226,Jim Jackson\jacksji01,SG,27,TOT,79,3046,13.2,0.504,0.173,0.255,4.7,10.1,7.3,22.3,1.4,0.2,17.6,21.7,0.8,1.7,2.5,0.039,0.2,-0.9,-0.6,1.1
227,Jim Jackson\jacksji01,SG,27,PHI,48,1788,13.1,0.545,0.209,0.288,4.4,10.2,7.3,21.5,1.2,0.2,19.4,18.8,1.4,0.9,2.3,0.062,0.6,-1,-0.4,0.7
228,Jim Jackson\jacksji01,SG,27,GSW,31,1258,13.2,0.466,0.138,0.224,5,9.8,7.3,23.5,1.6,0.1,15.8,25.9,-0.6,0.8,0.2,0.007,-0.2,-0.6,-0.9,0.4
229,Mark Jackson\jacksma01,PG,32,IND,82,2413,17.2,0.501,0.229,0.301,3.5,12.1,8,46.7,1.9,0.1,20.4,16.8,4.4,3.1,7.5,0.15,1.8,-0.1,1.7,2.3
230,Henry James\jameshe01,PF,32,CLE,28,166,10.6,0.582,0.424,0.373,1.5,9.5,5.5,5.3,0.3,0.5,14.9,22.4,0.2,0.2,0.3,0.101,-1.9,-3.6,-5.4,-0.1
231,Anthony Johnson\johnsan02,PG,23,SAC,77,2266,8.6,0.437,0.21,0.181,2.4,6,4.2,22.3,1.5,0.2,15.4,15.2,-0.4,0.8,0.4,0.008,-2.6,-1.7,-4.3,-1.3
232,Avery Johnson\johnsav01,PG,32,SAS,75,2674,14.1,0.514,0.019,0.25,1.4,4.9,3.2,36.2,1.7,0.5,18.1,16,3.5,3.2,6.7,0.12,-0.7,-1.3,-2,0
233,Eddie Johnson\johnsed03,SF,38,HOU,75,1490,13.1,0.524,0.364,0.25,4,8.1,6.1,10,1.1,0.1,9.3,20.3,2,0.1,2.2,0.07,0.2,-3.3,-3.1,-0.4
234,Ervin Johnson\johnser02,C,30,MIL,81,2261,15.6,0.564,0,0.505,12.9,24.1,18.5,4.2,1.9,5.2,16.9,14,2.7,3.8,6.4,0.136,-1.1,3.1,1.9,2.2
235,Kevin Johnson\johnske02,PG,31,PHO,50,1290,15.6,0.555,0.075,0.536,3.2,11.4,7.4,28.5,1.1,0.4,19.1,18.6,2.3,1.3,3.5,0.131,-0.2,-0.7,-0.9,0.3
236,Larry Johnson\johnsla02,SF,28,NYK,70,2412,15.8,0.539,0.071,0.32,8.7,11.3,10,11.4,0.9,0.4,11.2,22.1,4,2.9,6.9,0.137,1.1,0.2,1.4,2
237,Charles Jones\jonesch01,PF,40,HOU,24,127,7.8,0.689,0,0.2,11.3,11.1,11.2,5.7,0.4,3.3,26.9,5.3,0.2,0,0.2,0.078,-1.6,0.6,-1.1,0
238,Dontae' Jones\jonesdo01,SF,22,BOS,15,91,3.8,0.386,0.404,0,3.6,8.5,5.8,9.9,1.1,2.6,16.2,32.3,-0.4,0,-0.3,-0.175,-7,-4.7,-11.8,-0.2
239,Eddie Jones\jonesed02,SG,26,LAL,80,2910,18,0.592,0.366,0.304,3.4,8.2,5.9,13.5,2.8,1.3,11.4,19.5,6.8,3.2,10.1,0.166,3.8,0.5,4.3,4.6
240,Popeye Jones\jonespo01,PF,27,TOR,14,352,13.4,0.443,0.024,0.15,15.3,17.2,16.2,8.6,1.5,0.6,10.6,18.9,0.2,0.1,0.3,0.038,-1.5,-2.6,-4.1,-0.2
241,Michael Jordan*\jordami01,SG,34,CHI,82,3181,25.2,0.533,0.067,0.381,4.7,12.5,8.5,18,2.4,1,7.7,33.7,10.4,5.4,15.8,0.238,4.6,0,4.6,5.3
242,Reggie Jordan\jordare01,SG,30,MIN,57,487,15.3,0.515,0.009,0.637,13.4,9.2,11.3,15.1,3.7,1.3,17.2,15.9,0.6,0.5,1.2,0.114,0.5,1.5,2,0.5
243,Adam Keefe\keefead01,C,27,UTA,80,2047,14.5,0.605,0,0.472,11.6,14.8,13.3,6.7,1.4,0.9,12.2,13.2,4.8,1.7,6.5,0.153,1.9,0.4,2.3,2.2
244,Shawn Kemp\kempsh01,PF,28,CLE,80,2769,17.5,0.512,0.007,0.478,9.9,23,16.5,13.6,2.1,2.5,16.1,28,0.9,5.9,6.8,0.118,-1.2,2.8,1.6,2.5
245,Tim Kempton\kemptti01,PF,34,TOT,8,47,-1.4,0.222,0,0,9.2,5,7.2,9.3,1.1,2.9,30.8,12.2,-0.2,0,-0.1,-0.147,-8.8,-0.4,-9.2,-0.1
246,Tim Kempton\kemptti01,PF,34,ORL,3,15,-5.1,0,0,0,0,8,3.9,9.5,0,0,0,6.1,0,0,0,-0.089,-9.7,-1,-10.7,0
247,Tim Kempton\kemptti01,PF,34,TOR,5,32,0.4,0.286,0,0,13.5,3.6,8.8,9.2,1.6,4.3,36.4,15.1,-0.1,0,-0.1,-0.175,-8.3,-0.1,-8.5,-0.1
248,Steve Kerr\kerrst01,PG,32,CHI,50,1119,12.9,0.581,0.43,0.162,1.4,6.5,3.9,13.2,1.3,0.3,7.7,14,2.5,1.2,3.8,0.161,1.2,-1.1,0.1,0.6
249,Jerome Kersey\kerseje01,SF,35,SEA,37,717,12.6,0.447,0.043,0.279,9.5,12.9,11.3,9.6,3.9,1.5,12.1,19.2,0,1.2,1.2,0.079,-2.1,1.8,-0.3,0.3
250,Jason Kidd*\kiddja01,PG,24,PHO,82,3118,16.4,0.502,0.271,0.243,4.1,14.7,9.5,35.6,2.7,0.6,21.5,17.6,3.2,4.8,8,0.123,1.1,2,3.1,4
251,Kerry Kittles\kittlke01,SG,23,NJN,77,2814,17.5,0.525,0.228,0.217,5.1,10.1,7.4,10.6,2.5,1,7.7,21.2,6.2,2.2,8.4,0.144,2.9,0,2.9,3.5
252,Joe Kleine\kleinjo01,C,36,CHI,46,397,5.5,0.408,0,0.17,7.8,14.5,11.1,11.2,0.5,0.9,19.7,16,-0.4,0.5,0.1,0.016,-5.6,-0.2,-5.8,-0.4
253,Brevin Knight\knighbr01,PG,22,CLE,80,2483,17.1,0.515,0.012,0.424,3.4,9.1,6.3,43.7,4.2,0.6,21.6,16.7,3.5,4.9,8.4,0.163,0.7,1.6,2.3,2.7
254,Travis Knight\knightr01,C,23,BOS,74,1503,13.6,0.499,0.126,0.235,10.5,18.8,14.3,10.9,1.8,4.3,15.3,16.4,1.1,1.9,3,0.096,-1.6,2,0.4,0.9
255,Toni Kuko훾\kukocto01,SF,29,CHI,74,2235,17.3,0.525,0.207,0.26,6.2,10.6,8.4,23.4,1.8,1.2,14.1,21.9,3.7,3.3,7,0.15,2.2,0.7,2.9,2.8
256,Christian Laettner\laettch01,PF,28,ATL,74,2282,18.5,0.576,0.037,0.485,7.6,17.2,12.6,14.6,1.7,2.2,17.1,21.7,4.6,3,7.5,0.159,1.3,1.3,2.6,2.6
257,Andrew Lang\langan01,C,31,MIL,57,692,8.5,0.452,0.007,0.399,9.8,17.3,13.5,3.5,1.4,2.9,16.4,13.3,-0.1,0.8,0.7,0.047,-4.5,0.4,-4,-0.4
258,Antonio Lang\langan02,SF,25,MIA,6,29,14.9,0.704,0,1.6,8.4,11.8,10.1,5.6,3.8,0,31.9,20.1,0,0,0.1,0.122,-2.4,0.7,-1.7,0
259,Rusty LaRue\larueru01,PG,24,CHI,14,140,7.3,0.466,0.327,0.163,0.8,5.7,3.3,5.7,1.2,0.5,10.3,18.7,0,0.1,0.1,0.04,-3.7,-2.4,-6.1,-0.1
260,Priest Lauderdale\laudepr01,C,24,DEN,39,345,10,0.458,0,0.543,9,25.7,17.1,11.6,1.1,3.7,22.6,26.8,-0.9,0.2,-0.6,-0.087,-7.4,-1.3,-8.7,-0.6
261,Jason Lawson\lawsoja01,C,23,ORL,17,80,21.5,0.67,0,0.667,11.5,28.6,19.9,10.7,2.8,3.6,9.3,12.3,0.3,0.2,0.5,0.28,1.3,3.5,4.8,0.1
262,Tim Legler\legleti01,SG,31,WAS,8,76,-4.5,0.217,0.316,0.211,2.9,3.1,3,5.3,0.7,0,16.2,14.5,-0.3,0,-0.3,-0.165,-9.2,-2.6,-11.8,-0.2
263,Voshon Lenard\lenarvo01,SG,24,MIA,81,2621,13.3,0.547,0.443,0.21,3.3,9.5,6.5,11.8,1.2,0.4,9.6,18.4,4.5,2.5,7.1,0.129,1.8,-0.6,1.2,2.1
264,Alton Lister\listeal01,C,39,POR,7,44,2.4,0.375,0,0,5.5,23,14.5,3.4,1.2,1.7,20,10.3,-0.1,0.1,0,0.021,-7.7,0.9,-6.8,-0.1
265,Randy Livingston\livinra01,PG,22,ATL,12,82,5.2,0.352,0,0.417,1.5,6.9,4.3,8.8,4.7,1.7,29.7,11.4,-0.2,0.1,0,-0.028,-6.4,3.1,-3.3,0
266,Horacio Llamas Grey\llamaho01,C,24,PHO,8,42,8.6,0.472,0.143,0.476,11.4,38,25,4,1.3,5.2,26.2,37.1,-0.2,0.1,-0.1,-0.083,-11.9,-1.8,-13.7,-0.1
267,Brad Lohaus\lohaubr01,PF,33,SAS,9,102,5.2,0.426,0.667,0.143,3.6,9.6,6.8,7.4,0.5,1.4,11.8,11.6,0,0.1,0.1,0.043,-3.1,0,-3.2,0
268,Grant Long\longgr01,PF,31,DET,40,739,10,0.496,0.034,0.487,9.1,15.1,12.1,5.2,2.1,1.2,13.4,10.3,0.6,1,1.6,0.104,-1.9,1.6,-0.3,0.3
269,Luc Longley\longllu01,C,29,CHI,58,1703,13.5,0.492,0,0.243,7.6,15.4,11.5,15.5,1.1,2.6,16.2,21.2,0.6,2.8,3.4,0.096,-1.7,1.8,0.1,0.9
270,George Lynch\lynchge01,SF,27,VAN,82,1493,16.8,0.526,0.058,0.306,11.4,16.5,13.9,13.8,2.3,1.9,15.1,20.5,1.7,0.8,2.5,0.079,0.4,-0.1,0.3,0.9
271,Sam Mack\macksa01,SF,27,VAN,57,1414,12.4,0.519,0.481,0.138,2.4,8.4,5.4,11.9,1.5,0.5,10.4,20.8,1.3,-0.2,1.1,0.037,1.1,-3.4,-2.4,-0.1
272,Don MacLean\macledo01,SF,28,NJN,9,42,-6.5,0.15,0.2,0,7.8,5.9,6.9,0,0,0,16.7,12.4,-0.1,0,-0.2,-0.173,-10,-4.4,-14.3,-0.1
273,Gerald Madkins\madkige01,SG,28,GSW,19,243,9.8,0.499,0.441,0.206,0.9,5.9,3.3,27.9,2.8,0.3,26,9,0.1,0.2,0.3,0.057,-3.8,-1.6,-5.3,-0.2
274,Rick Mahorn\mahorri01,C,39,DET,59,707,7.8,0.49,0,0.264,10.9,22,16.4,3.3,1.1,0.7,20.4,11.9,0,0.9,0.9,0.064,-4.3,-0.3,-4.6,-0.5
275,Dan Majerle\majerda01,SG,32,MIA,72,1928,12.2,0.562,0.672,0.116,3,13,8.2,13,1.9,0.6,12.3,12.7,2.8,2.5,5.3,0.131,1.3,1.1,2.5,2.2
276,Karl Malone*\malonka01,PF,34,UTA,81,3030,27.9,0.597,0.004,0.56,8.3,24.8,17.1,20.9,1.7,1.7,11.9,31.8,12.1,4.3,16.4,0.259,5.7,1.4,7,6.9
277,Matt Maloney\malonma01,PG,26,HOU,78,2217,10.5,0.539,0.59,0.133,0.9,6.6,3.8,15.6,1.5,0.2,14.7,14.9,1.9,0.3,2.2,0.047,0.2,-2.1,-1.9,0.1
278,Danny Manning\mannida01,PF,31,PHO,70,1794,19.8,0.554,0.009,0.299,7.3,17.9,12.8,13.6,2.1,1.9,10.5,24.1,3.5,3,6.5,0.174,1,1.3,2.3,1.9
279,Stephon Marbury\marbust01,PG,20,MIN,82,3112,16.3,0.505,0.246,0.364,2.1,6.2,4.2,36.1,1.7,0.2,15.1,24.1,4.2,1.1,5.3,0.082,2.2,-2.9,-0.6,1.1
280,Donyell Marshall\marshdo01,SF,24,GSW,73,2611,15.5,0.474,0.184,0.198,8.3,17.6,12.8,11.2,1.9,1.9,11,22.3,1,3.2,4.2,0.078,-0.1,1.2,1.1,2.1
281,Darrick Martin\martida01,PG,26,LAC,82,2299,12.3,0.509,0.401,0.297,0.9,7.2,4.1,23.2,1.9,0.3,15.7,18.9,2,-0.1,1.9,0.041,0.1,-2.9,-2.8,-0.5
282,Jamal Mashburn\mashbja01,SF,25,MIA,48,1729,14.1,0.533,0.211,0.4,5,10.8,8,13.3,1.4,0.6,13.7,21.2,2.2,1.8,4.1,0.113,0.5,0.1,0.6,1.1
283,Anthony Mason\masonan01,PF,31,CHH,81,3148,16.4,0.552,0.005,0.526,6.9,24.7,15.8,17.3,1.2,0.4,13.4,16,5.7,3.5,9.3,0.141,1,1.7,2.8,3.8
284,Tony Massenburg\masseto01,C,30,VAN,61,894,14.9,0.536,0,0.443,10.3,19.5,14.9,4,1.5,1.9,14,21.4,0.8,0.4,1.3,0.067,-2.5,-2.7,-5.3,-0.7
285,Vernon Maxwell\maxweve01,SG,32,TOT,42,636,12.2,0.512,0.434,0.233,2.6,8.1,5.4,14.2,1.4,0.5,12.3,23.5,0.4,0.4,0.8,0.062,0.2,-3.2,-3,-0.2
286,Vernon Maxwell\maxweve01,SG,32,ORL,11,169,9.4,0.453,0.333,0.333,3.4,5.7,4.5,13,0.7,0.4,11.8,27.5,0,0.1,0,0.013,-2,-4.5,-6.5,-0.2
287,Vernon Maxwell\maxweve01,SG,32,CHH,31,467,13.2,0.539,0.478,0.189,2.4,9,5.7,14.6,1.6,0.5,12.6,22.1,0.5,0.3,0.8,0.08,1,-2.8,-1.8,0
288,Lee Mayberry\maybele01,PG,27,VAN,79,1835,9.2,0.489,0.516,0.146,1.2,5.9,3.6,27.7,1.8,0.4,23.3,11.7,0.7,-0.3,0.4,0.012,-1.6,-3.4,-4.9,-1.4
289,Bob McCann\mccanbo01,SF,33,TOR,1,5,-7.3,0,0,0,0,23.3,11.2,0,0,0,0,8.8,0,0,0,-0.186,-14.9,-5.7,-20.6,0
290,Walter McCarty\mccarwa01,SF,23,BOS,82,2340,11.6,0.483,0.24,0.266,6.5,12.3,9.2,11.9,2.4,1.5,14.7,17.7,0.8,2.2,2.9,0.06,-1.1,0.5,-0.6,0.8
291,George McCloud\mccloge01,SF,30,PHO,63,1213,12.7,0.507,0.487,0.119,4.4,16.2,10.5,10.8,2.3,0.8,12.3,19.2,0.6,1.9,2.4,0.096,-0.2,0.3,0.2,0.7
292,Xavier McDaniel\mcdanxa01,SF,34,NJN,20,180,4.3,0.373,0,0.267,7.2,13.1,10,7,0.9,0.8,19.3,10,-0.1,0.1,0,-0.007,-4.9,-0.1,-5,-0.1
293,Michael McDonald\mcdonmi01,C,28,CHH,1,4,-22.1,,,,30.5,0,15.1,0,0,0,100,23.1,-0.1,0,-0.1,-0.638,-20.8,-2.6,-23.4,0
294,Antonio McDyess\mcdyean01,PF,23,PHO,81,2441,20.3,0.571,0.002,0.355,10.1,19,14.7,7.5,2.2,4,11.7,22.5,4.8,4.6,9.4,0.185,0.8,2.4,3.2,3.2
295,Tracy McGrady*\mcgratr01,SF,18,TOR,64,1179,17.4,0.505,0.103,0.279,9.6,16.2,12.8,14,2.2,3.6,12.9,19.1,1.3,0.7,2,0.081,-0.5,0,-0.5,0.5
296,Jim McIlvaine\mcilvji01,C,25,SEA,78,1211,9.5,0.477,0.013,0.363,9.7,15.8,12.8,2.3,1.1,8.6,17.3,12,0,1.9,1.9,0.075,-4.5,3.7,-0.9,0.3
297,Derrick McKey\mckeyde01,SF,31,IND,57,1316,10.7,0.497,0.052,0.235,7.1,11.9,9.6,10.7,2.4,1.6,18,15.9,0.1,2.1,2.1,0.077,-1.5,2.9,1.4,1.1
298,Aaron McKie\mckieaa01,SG-SF,25,TOT,81,1813,8.6,0.41,0.165,0.144,3.7,11.2,7.4,15,3,0.5,15.8,12,-0.7,2,1.4,0.036,-2.8,1.5,-1.3,0.3
299,Aaron McKie\mckieaa01,SF,25,DET,24,472,10.1,0.478,0.163,0.221,6,11.2,8.6,12.9,2.7,0.2,17.4,13.6,0.1,0.6,0.7,0.069,-1.7,1.2,-0.6,0.2
300,Aaron McKie\mckieaa01,SG,25,PHI,57,1341,8.1,0.383,0.166,0.116,2.9,11.1,7,15.8,3.1,0.7,15.2,11.5,-0.8,1.4,0.7,0.024,-3.2,1.6,-1.6,0.1
301,Nate McMillan\mcmilna01,SG,33,SEA,18,279,12.7,0.46,0.507,0.015,5.7,11.4,8.6,28.6,2.7,1.1,15.1,13.2,0.4,0.3,0.8,0.131,0.5,0.2,0.7,0.2
302,Ron Mercer\mercero01,SG,21,BOS,80,2662,14.1,0.491,0.024,0.196,4.4,8.3,6.2,11.6,2.4,0.5,9.6,22.3,2.2,1.9,4,0.073,-0.9,-1.1,-2,0
303,Marko Mili훾\milicma01,SF,20,PHO,33,163,18.4,0.644,0.094,0.266,7.3,10.5,9,13.5,3.2,0,22.7,25.7,0.1,0.2,0.3,0.102,0.2,-0.6,-0.4,0.1
304,Anthony Miller\millean01,PF,26,ATL,37,228,16.4,0.571,0,0.75,16.1,19.9,18.1,2.2,3.6,0.9,16.8,16.9,0.3,0.4,0.8,0.159,-0.8,-0.6,-1.4,0
305,Oliver Miller\milleol01,C,27,TOR,64,1628,12.8,0.485,0.011,0.274,9.7,18.2,13.8,18.8,1.8,3,24.1,14.7,-0.1,0.9,0.9,0.026,-2.3,1.1,-1.2,0.3
306,Reggie Miller*\millere01,SG,32,IND,81,2795,19.8,0.619,0.353,0.407,2.1,7.6,5,11.1,1.5,0.3,9.1,23.9,9.2,2.8,12,0.206,5.3,-1.1,4.3,4.4
307,Chris Mills\millsch01,SF,28,NYK,80,2183,12.7,0.512,0.203,0.28,6.6,15.9,11.2,10.4,1.1,1.1,12.4,18.6,1.9,3.3,5.1,0.113,-0.9,1.2,0.3,1.3
308,Terry Mills\millste01,PF,30,MIA,50,782,7.7,0.481,0.393,0.16,5.3,17.1,11.4,8.1,1.3,0.8,16.9,15.8,-0.2,1.1,0.9,0.057,-3,0.2,-2.7,-0.1
309,Greg Minor\minorgr01,SG,26,BOS,69,1126,11.8,0.481,0.097,0.268,5.3,10.9,7.8,12.2,2.4,0.8,10.7,15.4,0.8,0.9,1.7,0.074,-2,-0.4,-2.4,-0.1
310,Sam Mitchell\mitchsa01,SF,34,MIN,81,2239,15.8,0.539,0.054,0.365,6,13.4,9.8,7.6,1.5,0.7,6.6,19.7,4.7,1.4,6.1,0.131,0.4,-1.3,-0.9,0.6
311,Eric Montross\montrer01,C,26,TOT,48,691,8,0.427,0,0.278,11.6,22.2,16.9,2.5,1,2.9,15.2,12.6,-0.2,0.9,0.7,0.049,-5,0,-5,-0.5
312,Eric Montross\montrer01,C,26,PHI,20,337,6.7,0.397,0,0.25,9.5,22,15.7,3.3,1.1,2.6,15.1,13.2,-0.3,0.4,0.1,0.015,-5.9,0,-5.8,-0.3
313,Eric Montross\montrer01,C,26,DET,28,354,9.4,0.46,0,0.309,13.7,22.4,18,1.8,0.9,3.2,15.3,12,0.1,0.5,0.6,0.082,-4.3,0,-4.3,-0.2
314,Chris Morris\morrich01,SF,32,UTA,54,538,14.7,0.498,0.3,0.295,8.7,17.1,13.2,7.5,2.5,2.4,12.4,23,0.3,0.7,1,0.092,-0.8,-0.5,-1.3,0.1
315,Lawrence Moten\motenla01,SG,25,WAS,8,27,-0.2,0.305,0.077,0.308,4.1,0,2.1,16.7,0,0,6.3,25.9,-0.1,0,-0.1,-0.134,-7.9,-6.7,-14.6,-0.1
316,Alonzo Mourning*\mournal01,C,27,MIA,58,1939,22.4,0.595,0,0.635,12.1,21.4,16.9,5.2,1.1,4.9,16,26.8,3.9,3.6,7.5,0.185,0.1,1.1,1.2,1.6
317,Chris Mullin*\mullich01,SF,34,IND,82,2177,16.9,0.607,0.351,0.237,2.2,11.1,6.9,14.6,2.4,1.3,13.3,19.3,4.4,3.2,7.6,0.168,2.9,1.5,4.4,3.5
318,Eric Murdock\murdoer01,PG,29,MIA,82,1395,15.7,0.52,0.217,0.372,3.4,9.5,6.6,26.4,4,0.7,17.6,19.8,1.7,2.4,4.1,0.139,0.3,1.4,1.7,1.3
319,Lamond Murray\murrala01,SF,24,LAC,79,2579,17.8,0.548,0.155,0.299,7.5,13.9,10.7,9.9,2.4,1.4,13.3,22.1,3.7,1.2,4.9,0.092,1.3,-0.4,0.9,1.9
320,Tracy Murray\murratr01,SF,26,WAS,82,2227,17.3,0.563,0.4,0.208,3.7,10.7,7.1,6.5,1.6,0.8,8.5,24,4.6,1.9,6.5,0.139,2.6,-2.4,0.2,1.2
321,Dikembe Mutombo*\mutomdi01,C,31,ATL,82,2917,19.8,0.584,0,0.608,11.5,25.6,18.8,4.8,0.6,6.6,15.1,17.6,5.6,5.2,10.8,0.177,-0.2,2.7,2.5,3.3
322,Martin M체체rsepp\muursma01,PF,23,DAL,41,603,14.9,0.528,0.199,0.351,8.3,12.8,10.5,8.5,2.6,1.6,11.6,18.9,0.8,0.6,1.4,0.111,-0.5,-0.4,-0.9,0.2
323,Pete Myers\myerspe01,SG,34,NYK,9,40,16.3,0.554,0,0.6,14.9,15.1,15,12.6,5.4,0,24,19.5,0,0.1,0.1,0.149,-0.5,3.9,3.4,0.1
324,Steve Nash*\nashst01,PG,23,PHO,76,1664,15.6,0.556,0.334,0.147,2.3,8.8,5.6,25.2,2,0.2,13.6,19.6,2.9,1.8,4.8,0.137,1.8,-1.2,0.5,1.1
325,Ivano Newbill\newbiiv01,PF,27,VAN,28,249,7.6,0.413,0.018,0.526,11.1,20.7,15.9,5.3,2.1,0.8,19.5,15.6,-0.3,0.1,-0.1,-0.022,-5.3,-1.3,-6.5,-0.3
326,Johnny Newman\newmajo01,SF,34,DEN,74,2176,14.9,0.547,0.131,0.557,2.6,5.1,3.8,12.2,1.9,0.8,12.9,23.9,3.2,-0.4,2.7,0.06,0.1,-3.6,-3.5,-0.8
327,Jeff Nordgaard\nordgje01,PF,24,MIL,13,48,11.6,0.41,0,0.5,10.1,25.7,17.8,10,2.2,0,12,23.7,0,0.1,0,0.043,-5.3,-1.5,-6.8,-0.1
328,Charles O'Bannon\obannch01,SG,22,DET,30,234,10.5,0.423,0.043,0.217,7.1,9.7,8.4,12,2.1,0.3,10.6,16.8,0,0.2,0.2,0.048,-3,-0.6,-3.6,-0.1
329,Jermaine O'Neal\onealje01,PF,19,POR,60,808,12.7,0.498,0.009,0.385,11.9,16.8,14.5,3.6,1,5.2,16.9,18.2,-0.1,1.3,1.2,0.073,-4.2,1.1,-3,-0.2
330,Shaquille O'Neal*\onealsh01,C,25,LAL,60,2175,28.8,0.587,0,0.594,11.1,24,17.7,13.5,0.9,4.6,10.8,32.9,6.7,3.4,10.2,0.224,3.8,0.8,4.6,3.6
331,Charles Oakley\oaklech01,PF,34,NYK,79,2734,13.1,0.475,0.009,0.163,9.5,22.3,15.9,12.1,2.4,0.6,14.4,15,1.4,5.6,7,0.122,-1.2,4.1,2.9,3.4
332,Hakeem Olajuwon*\olajuha01,C,35,HOU,47,1633,20.8,0.531,0.005,0.335,8.5,24.6,16.7,15.8,2.7,4.1,14.8,23.7,2,2.5,4.5,0.131,0.1,3.6,3.6,2.3
333,Brian Oliver\olivebr01,SG,29,ATL,5,61,6.3,0.361,0,0.211,6,11.2,8.7,5.4,0.9,0,4.6,16.5,-0.1,0,0,-0.012,-5.2,-2.7,-7.9,-0.1
334,Jimmy Oliver\oliveji01,SG,28,WAS,1,10,19.7,0.625,0.5,0,0,23.5,11.4,17.3,0,0,0,17.8,0,0,0,0.228,3.3,-3.3,0.1,0
335,Kevin Ollie\ollieke01,PG,25,TOT,35,430,8.9,0.477,0.01,0.714,2.3,8.2,5.2,24.3,1.6,0,25.5,18.4,-0.4,0.2,-0.1,-0.014,-5.2,-2.2,-7.4,-0.6
336,Kevin Ollie\ollieke01,PG,25,DAL,16,214,7.9,0.434,0,0.595,3.1,8,5.5,22.7,1.5,0,23.2,14.8,-0.1,0.1,-0.1,-0.017,-5.4,-2.2,-7.7,-0.3
337,Kevin Ollie\ollieke01,PG,25,ORL,19,216,9.9,0.508,0.018,0.804,1.6,8.4,4.9,25.8,1.8,0,27,22,-0.2,0.2,0,-0.011,-4.9,-2.2,-7.1,-0.3
338,Greg Ostertag\ostergr01,C,24,UTA,63,1288,12.5,0.494,0,0.586,13.8,21.8,18.1,2.9,1.2,7.7,19.8,13.5,0.1,2.1,2.2,0.084,-2.9,3.4,0.5,0.8
339,Bo Outlaw\outlabo01,PF,26,ORL,82,2953,15.5,0.575,0.007,0.576,9.9,15.6,12.7,12.3,2,4.4,20.5,13.3,3.1,4.5,7.6,0.124,0.4,4.7,5.1,5.3
340,Doug Overton\overtdo01,PG,28,PHI,23,277,5.2,0.443,0.048,0.254,0.8,5,2.9,21.2,1.5,0.3,24.7,15.1,-0.3,0.1,-0.2,-0.035,-5.8,-3,-8.8,-0.5
341,Billy Owens\owensbi01,SF,28,SAC,78,2348,14.4,0.502,0.096,0.271,7.9,20,13.8,15.4,2.1,1.1,15.8,18.3,0.9,2.8,3.7,0.075,-0.8,1.6,0.7,1.6
342,Robert Pack\packro01,PG,28,DAL,12,292,9,0.413,0.061,0.367,3,10.1,6.5,23.5,3.7,0.2,25,23.8,-0.9,0.3,-0.6,-0.093,-6,-0.1,-6.1,-0.3
343,Anthony Parker\parkean01,SG,22,PHI,37,196,14,0.501,0.444,0.317,4.7,10.6,7.6,16.4,3,1.1,13.3,19,0.2,0.2,0.4,0.088,0,-0.9,-0.8,0.1
344,Cherokee Parks\parksch02,C,25,MIN,79,1703,13.6,0.533,0.002,0.376,9.4,19.6,14.6,4.7,1.1,3.6,11.2,15.4,2,1.8,3.8,0.108,-1.9,0.6,-1.3,0.3
345,Gary Payton*\paytoga01,PG,29,SEA,82,3145,21.6,0.544,0.311,0.293,3,11.2,7.1,36.7,3.1,0.4,13.7,24.6,8.5,4,12.5,0.19,4.9,0.1,5,5.6
346,Anthony Peeler\peelean01,SG,28,TOT,38,1193,15,0.532,0.298,0.112,3.6,8.1,5.9,18.3,2.7,0.4,10.4,18.3,1.8,0.7,2.5,0.1,2,-0.8,1.2,1
347,Anthony Peeler\peelean01,SG,28,VAN,8,202,15.2,0.529,0.264,0.083,3.4,7.9,5.7,19.5,2.3,0,7.4,17.8,0.4,0,0.4,0.087,1.8,-2.8,-1,0
348,Anthony Peeler\peelean01,SG,28,MIN,30,991,15,0.533,0.305,0.118,3.6,8.2,5.9,18.1,2.7,0.4,10.9,18.4,1.4,0.7,2.1,0.102,2.1,-0.5,1.6,0.9
349,Will Perdue\perduwi01,C,32,SAS,79,1491,14.8,0.557,0.003,0.451,14.6,26.1,20.7,6.1,0.8,2.4,18.6,13.7,1.5,3.2,4.7,0.151,-1.7,2.1,0.4,0.9
350,Sam Perkins\perkisa01,PF,36,SEA,81,1675,13.6,0.55,0.471,0.272,3.9,14.2,9.1,10.3,2,1.3,10.5,16.3,2.6,2,4.5,0.129,0.6,0,0.6,1.1
351,Elliot Perry\perryel01,PG,28,MIL,81,1752,11.5,0.485,0.089,0.194,1.5,6.1,3.8,22.1,2.7,0.1,17.4,19.2,0,1.3,1.3,0.035,-2.3,-1.5,-3.8,-0.8
352,Chuck Person\persoch01,PF,33,SAS,61,1455,8.3,0.494,0.693,0.093,1.4,13.9,8.1,9.3,1.1,0.5,13.9,15.5,-0.1,2.1,2.1,0.068,-1.2,0.4,-0.9,0.4
353,Wesley Person\persowe01,SG,26,CLE,82,3198,15.1,0.583,0.467,0.178,2.5,11.3,7,10.3,2.2,1.2,9.6,16.5,5.3,5,10.3,0.155,2.6,1.9,4.5,5.2
354,Bobby Phills\phillbo01,SG,28,CHH,62,1887,12.5,0.523,0.207,0.254,3.8,10,6.9,16,2.3,0.7,15,17.7,1.5,1.7,3.2,0.081,0.2,0.3,0.4,1.2
355,Eric Piatkowski\piatker01,SG,27,LAC,67,1740,15.5,0.591,0.456,0.299,4.5,11,7.7,8.2,1.5,0.5,11.1,18.4,3.8,0.1,3.9,0.108,2.3,-2.4,-0.1,0.8
356,Ricky Pierce\piercri01,SG,38,MIL,39,442,9.8,0.455,0.091,0.364,5.2,7.2,6.2,12.5,1.1,0,11.2,19.3,0.1,0.2,0.3,0.033,-2.9,-2.8,-5.7,-0.4
357,Scottie Pippen*\pippesc01,SF,32,CHI,44,1652,20.4,0.533,0.273,0.274,3.7,12.1,7.9,26.5,2.6,1.9,12.1,24.4,3.7,3,6.6,0.193,4,1.8,5.8,3.2
358,Scot Pollard\pollasc01,C,22,DET,33,317,13.3,0.555,0,0.329,12.7,15.1,13.9,4.7,1.4,2.4,13,13.5,0.5,0.4,0.9,0.141,-1.1,0.3,-0.8,0.1
359,Olden Polynice\polynol01,C,33,SAC,70,1458,14.7,0.464,0.002,0.212,12.9,20.8,16.8,12.7,1.3,2.1,14.2,21.1,-0.1,1.6,1.5,0.049,-2.1,0.5,-1.6,0.2
360,Mark Pope\popema01,SF,25,IND,28,193,3.4,0.402,0.073,0.415,5.9,10.1,8.1,5.5,0.8,2.2,17.1,14.4,-0.2,0.2,0,-0.003,-5.5,0.7,-4.8,-0.1
361,Terry Porter\portete01,PG,34,MIN,82,1786,17.3,0.586,0.404,0.338,2.4,8.2,5.3,23.5,1.8,0.6,13.6,19.1,4.3,0.9,5.2,0.139,2.9,-2.2,0.7,1.2
362,Vitaly Potapenko\potapvi01,C,22,CLE,80,1412,11,0.517,0.002,0.295,9.7,17.4,13.6,7.4,1,1.5,19.3,22.4,-0.7,2.2,1.5,0.052,-3.9,0,-3.9,-0.7
363,Brent Price\pricebr01,PG,29,HOU,72,1332,10.9,0.575,0.603,0.316,3.3,6.1,4.8,22.3,2.1,0.2,23.9,15.8,1.2,0.4,1.6,0.059,0.3,-2.2,-1.9,0
364,Mark Price\pricema01,PG,33,ORL,63,1430,14.9,0.518,0.292,0.194,1.9,8.8,5.3,38.6,2,0.3,21.9,23.7,0.5,1.3,1.7,0.058,0.5,-2.2,-1.6,0.1
365,Theo Ratliff\ratlith01,C,24,TOT,82,2447,16.2,0.561,0,0.471,10.4,15.6,12.9,3.9,1.1,7.9,13.9,15.5,3.4,3.4,6.7,0.132,-1.2,3.4,2.2,2.6
366,Theo Ratliff\ratlith01,C,24,DET,24,586,13,0.566,0,0.568,9.3,15.3,12.3,4.1,1.1,7.1,19.7,13.7,0.4,0.9,1.4,0.111,-2.5,3.6,1.1,0.5
367,Theo Ratliff\ratlith01,C,24,PHI,58,1861,17.2,0.56,0,0.449,10.7,15.6,13.2,3.9,1.1,8.1,12.4,16,2.9,2.5,5.4,0.139,-0.7,3.3,2.6,2.2
368,Eldridge Recasner\recasel01,SG,30,ATL,59,1454,13,0.563,0.327,0.175,2.7,8.6,5.7,13.8,1.5,0,15.8,18.4,1.9,1,2.9,0.095,0.7,-1.7,-1,0.4
369,Bryant Reeves\reevebr01,C,24,VAN,74,2527,17.3,0.559,0.004,0.336,9,17.7,13.3,10.9,0.8,2.2,12.6,21.8,4.3,0.6,4.9,0.093,0.9,-1,0,1.3
370,Khalid Reeves\reevekh01,PG,25,DAL,82,1950,13.1,0.522,0.256,0.359,3,7.6,5.3,19.8,2.2,0.4,15.9,19.2,1.5,1,2.5,0.062,-0.5,-1.6,-2.1,-0.1
371,Don Reid\reiddo01,PF,24,DET,68,994,11.4,0.574,0,0.403,9.2,11.8,10.5,4.2,1.4,4.2,11.9,11,1.5,1.3,2.8,0.135,-1.2,2,0.8,0.7
372,J.R. Reid\reidjr01,PF,29,CHH,79,1109,11.3,0.517,0.025,0.384,7.9,14.9,11.4,7.4,1.7,1.3,14.9,18.2,0.6,1.1,1.8,0.076,-2.4,-0.4,-2.8,-0.2
373,Shawn Respert\respesh01,SG,25,TOT,57,911,12.3,0.53,0.317,0.208,4.4,8,6.1,11.3,1.9,0.1,13,17.9,0.8,0,0.8,0.045,-0.7,-3.3,-4,-0.5
374,Shawn Respert\respesh01,SG,25,TOR,47,696,12.9,0.552,0.321,0.258,4.7,7.2,5.9,10.4,2.2,0.1,12.4,16.7,1,0,0.9,0.064,-0.1,-3.4,-3.5,-0.3
375,Shawn Respert\respesh01,SG,25,DAL,10,215,10.3,0.471,0.31,0.083,3.5,10.6,7,14.2,1.2,0,14.7,21.7,-0.2,0.1,-0.1,-0.017,-2.6,-3,-5.6,-0.2
376,Rodrick Rhodes\rhodero01,SF,24,HOU,58,1070,7.7,0.439,0.026,0.59,3.1,4.6,3.9,16.1,3.1,0.7,20.2,20.4,-1.5,0.6,-0.9,-0.04,-5,-0.9,-5.9,-1
377,Glen Rice\ricegl01,SF,30,CHH,82,3295,17.4,0.568,0.216,0.364,3.3,9.6,6.5,9.9,1.3,0.5,10.2,25.1,7.4,2,9.3,0.136,2.6,-1.9,0.7,2.3
378,Pooh Richardson\richapo01,PG,31,LAC,69,1252,10.3,0.411,0.171,0.129,1.5,7.2,4.4,28.1,1.8,0.2,13.3,14.4,0.3,-0.1,0.2,0.006,-2.8,-3.1,-5.9,-1.2
379,Mitch Richmond*\richmmi01,SG,32,SAC,70,2569,20.4,0.569,0.274,0.386,2.1,7.9,5,20.2,1.8,0.4,11.3,27.8,6.6,1.3,7.9,0.148,4.7,-2.3,2.3,2.8
380,Isaiah Rider\rideris01,SG,26,POR,74,2786,15.2,0.514,0.323,0.205,4.3,10,7.2,15.7,1.1,0.5,11.6,26.1,3.2,2.5,5.8,0.099,1.7,-1.4,0.3,1.6
381,Eric Riley\rileyer01,C,27,DAL,39,544,11.2,0.461,0.007,0.267,8.6,18.8,13.6,6.5,1.5,5.9,19.7,15.8,-0.4,0.7,0.3,0.029,-5.6,2.3,-3.3,-0.2
382,Stanley Roberts\roberst01,C,27,MIN,74,1328,11.9,0.503,0,0.404,9.4,21.5,15.5,3.1,0.9,3.8,13.3,17.5,0.3,1.5,1.8,0.064,-3.9,-0.4,-4.3,-0.8
383,Chris Robinson\robinch01,SG,23,TOT,35,414,9.1,0.447,0.379,0.092,2.4,10.2,6.2,15.8,2.4,0.7,15.4,23,-0.5,0.2,-0.3,-0.034,-2.9,-2.2,-5.1,-0.3
384,Chris Robinson\robinch01,SG,23,VAN,16,143,4.7,0.423,0.381,0.032,0,10.4,5.2,11.7,2.6,0.5,19,24.5,-0.4,0,-0.4,-0.13,-5.8,-3.3,-9.1,-0.3
385,Chris Robinson\robinch01,SG,23,SAC,19,271,11.4,0.461,0.378,0.126,3.6,10.1,6.8,18,2.3,0.8,13.3,22.2,-0.1,0.2,0.1,0.017,-1.3,-1.6,-3,-0.1
386,Clifford Robinson\robincl02,SF,31,PHO,80,2359,17.4,0.538,0.094,0.402,7.7,12.5,10.1,11.9,2,2.8,11.7,22.9,3.6,3.5,7.1,0.144,0.7,1.4,2.2,2.5
387,David Robinson*\robinda01,C,32,SAS,73,2457,27.8,0.581,0.004,0.62,12,23.7,18.2,15.9,1.4,5.5,13,29.7,7.8,6,13.8,0.269,3.7,4.1,7.8,6.1
388,Glenn Robinson\robingl01,SF,25,MIL,56,2294,16.8,0.522,0.057,0.234,4.3,12.1,8.2,13.8,1.6,1.1,13.8,28.9,1.3,1.8,3.1,0.065,0,-0.9,-1,0.6
389,James Robinson\robinja02,PG,27,LAC,70,1231,12.4,0.494,0.449,0.214,3.4,6.9,5.1,18.8,1.6,0.5,15,23.3,0.3,-0.1,0.2,0.007,0,-3.8,-3.8,-0.5
390,Larry Robinson\robinla01,SF,30,VAN,6,41,15.8,0.428,0.316,0.105,5.6,28,16.8,4,5.1,0,9.1,23.7,0,0.1,0,0.033,-4,-1.9,-6,0
391,Dennis Rodman*\rodmade01,PF,36,CHI,80,2856,12.4,0.459,0.064,0.308,16.8,31.4,24.1,11.2,0.9,0.5,26.4,8.7,1.9,5.9,7.8,0.131,-1,3.7,2.7,3.4
392,Carlos Rogers\rogerca01,PF,26,TOT,21,376,12.7,0.533,0.022,0.352,10.1,9.9,10,7.7,1.4,1.5,11.8,13.9,0.5,0,0.5,0.064,-1.1,-2,-3.1,-0.1
393,Carlos Rogers\rogerca01,PF,26,TOR,18,351,13.1,0.534,0.011,0.368,10.5,10.3,10.4,7.4,1.3,1.6,11.4,14.3,0.5,0,0.5,0.064,-1,-2.1,-3.1,-0.1
394,Carlos Rogers\rogerca01,PF,26,POR,3,25,8.1,0.5,0.25,0,4.8,4.5,4.7,12.4,2.1,0,20,9.1,0,0,0,0.057,-2.9,-0.3,-3.2,0
395,Rodney Rogers\rogerro01,SF,26,LAC,76,2499,15.8,0.532,0.227,0.351,7,12.4,9.7,14.2,1.9,1,15.2,22.6,2.6,0.7,3.3,0.063,1.3,-1,0.3,1.5
396,Roy Rogers\rogerro02,PF,24,TOT,15,106,5.4,0.362,0,0.24,8.1,10.5,9.1,2.8,1.5,5.6,15.3,13.4,-0.2,0.1,-0.1,-0.047,-7.1,0.1,-7.1,-0.1
397,Roy Rogers\rogerro02,PF,24,BOS,9,37,8.2,0.394,0,0.25,0,17.4,8,4,2.8,8.5,10.1,11.5,0,0.1,0,0.036,-7.8,4.5,-3.3,0
398,Roy Rogers\rogerro02,PF,24,TOR,6,69,3.9,0.346,0,0.235,12.5,6.8,9.7,2.2,0.8,4,17.6,14.5,-0.1,0,-0.1,-0.091,-6.7,-2.3,-9,-0.1
399,Sean Rooks\rooksse01,C,28,LAL,41,425,13.4,0.512,0,0.782,12.6,18.7,15.7,8.2,0.2,3.7,12.3,16,0.7,0.5,1.1,0.13,-1.8,0,-1.7,0
400,Jalen Rose\roseja01,SF,25,IND,82,1706,14.1,0.545,0.12,0.376,2.1,11.2,6.9,16,1.8,0.6,15.7,23.4,1.1,2.2,3.3,0.092,-0.7,0.1,-0.6,0.6
401,Malik Rose\rosema01,PF,23,SAS,53,429,10.1,0.485,0.022,0.449,11.5,12.6,12.1,7.5,2.7,1.2,21.3,22.6,-0.4,0.8,0.4,0.044,-4.2,0.9,-3.2,-0.1
402,Donald Royal\royaldo01,SF,31,TOT,31,323,8.3,0.473,0,0.478,6.8,8.5,7.6,7.9,1.2,0.2,10.7,13.4,0.3,0.2,0.4,0.065,-2.7,-1.4,-4,-0.2
403,Donald Royal\royaldo01,SF,31,ORL,2,18,-1.6,0.322,0,0.667,12.8,13.4,13.1,8.6,3.1,0,27.9,27.4,-0.1,0,-0.1,-0.199,-10.7,-0.6,-11.3,0
404,Donald Royal\royaldo01,SF,31,CHH,29,305,8.9,0.488,0,0.46,6.4,8.2,7.3,7.8,1.1,0.2,8.5,12.6,0.4,0.1,0.5,0.08,-2.2,-1.4,-3.6,-0.1
405,Clifford Rozier\roziecl01,C,25,MIN,6,30,-1.7,0.466,0,0.167,11.5,11.2,11.4,0,0,0,38.3,15.5,-0.1,0,-0.1,-0.14,-9.3,-5.3,-14.6,-0.1
406,Bryon Russell\russebr01,SF,27,UTA,82,2219,12.9,0.57,0.408,0.53,4.7,13,9.1,7,2.2,1,11.1,15.2,3.8,2.2,6,0.13,1.7,0.4,2.1,2.3
407,Arvydas Sabonis*\sabonar01,C,33,POR,73,2333,20.9,0.581,0.139,0.49,7.7,27.9,18.2,16.9,1.5,2.5,15.9,23.2,5.1,4.6,9.7,0.2,1.8,2.7,4.5,3.8
408,Kevin Salvadori\salvake01,C,27,SAC,16,87,2.1,0.16,0,0.462,6.3,19.7,12.8,4.7,0,8.6,24.2,10.5,-0.3,0.1,-0.2,-0.099,-11.3,3.7,-7.6,-0.1
409,Danny Schayes\schayda01,C,38,ORL,74,1272,10.9,0.479,0,0.321,8.8,13.7,11.2,6,1.5,1.9,12.6,17.5,0.6,1.4,2,0.076,-2.9,0.2,-2.7,-0.2
410,Detlef Schrempf\schrede01,SF,35,SEA,78,2742,18.7,0.585,0.164,0.392,6,17.9,12.1,20.3,1.2,0.5,13.8,20.6,7.5,2.9,10.4,0.182,2.7,0.3,2.9,3.4
411,Dennis Scott\scottde01,SF,29,TOT,81,2290,12.1,0.502,0.413,0.157,2.3,9.9,6.1,11.3,1.2,1.2,10.5,19.7,1.1,1.3,2.4,0.05,-0.3,-1.5,-1.8,0.1
412,Dennis Scott\scottde01,SF,29,DAL,52,1797,12.2,0.492,0.41,0.177,2.4,10,6.1,12.4,1.3,1.2,11.4,20.6,0.5,0.8,1.3,0.036,-0.3,-1.5,-1.9,0.1
413,Dennis Scott\scottde01,SF,29,PHO,29,493,11.9,0.541,0.426,0.074,1.9,9.7,5.9,7.6,1.1,1,6.7,16.5,0.6,0.5,1,0.101,-0.3,-1.4,-1.7,0
414,Shawnelle Scott\scottsh01,C,25,CLE,41,188,10.6,0.501,0,0.5,13.3,25.1,19.3,6.8,1.7,3.2,18.5,13.2,0.1,0.4,0.5,0.132,-3.6,2.7,-1,0
415,Shea Seals\sealssh01,SG,22,LAL,4,9,4.9,0.205,0.375,0.5,38.7,12.3,25.1,0,5.7,0,0,47.8,-0.1,0,-0.1,-0.27,-10.6,-14,-24.6,-0.1
416,Malik Sealy\sealyma01,SF,27,DET,77,1641,12.8,0.505,0.081,0.36,3.5,12.5,7.9,10.4,2.2,0.9,11.9,18.8,1.2,2,3.2,0.093,-1.8,0.2,-1.6,0.2
417,Rony Seikaly\seikaro01,C,32,TOT,56,1636,15,0.514,0.003,0.573,10.2,18.2,14.1,8.5,0.9,1.9,16.8,24.3,0.9,1.9,2.7,0.08,-1.8,-0.2,-2,0
418,Rony Seikaly\seikaro01,C,32,ORL,47,1484,15.8,0.524,0.004,0.567,10.1,18.4,14.2,8.6,0.9,1.9,16.6,24.9,1,1.7,2.8,0.09,-1.5,-0.2,-1.7,0.1
419,Rony Seikaly\seikaro01,C,32,NJN,9,152,6.8,0.397,0,0.659,11.4,16.3,13.7,7.7,1,1.9,18.5,18.6,-0.2,0.1,-0.1,-0.019,-4.9,-0.5,-5.4,-0.1
420,God Shammgod\shammgo01,PG,21,WAS,20,146,9.2,0.428,0.034,0.517,1.5,4,2.7,38.1,2.5,0.5,22.8,28.1,-0.3,0.1,-0.1,-0.049,-5.6,-4.1,-9.6,-0.3
421,Brian Shaw\shawbr01,PG,31,TOT,59,1530,9.1,0.397,0.213,0.117,2.6,13,7.7,27.7,1.7,0.8,17.4,16.3,-1.2,1.3,0.1,0.002,-3.3,-0.2,-3.4,-0.5
422,Brian Shaw\shawbr01,PG,31,GSW,39,1028,8.7,0.39,0.218,0.107,2,14,7.8,27.3,1.8,0.9,18.9,16.8,-1.3,1,-0.3,-0.014,-4,0.4,-3.6,-0.4
423,Brian Shaw\shawbr01,PG,31,PHI,20,502,10,0.411,0.201,0.137,3.9,10.9,7.3,28.4,1.5,0.4,14,15.3,0,0.3,0.4,0.035,-1.7,-1.3,-3,-0.1
424,Dickey Simpkins\simpkdi01,PF,25,TOT,40,433,10.6,0.551,0.022,0.787,6.7,13,9.8,12,1.1,0.8,21.1,15.5,0.1,0.5,0.6,0.068,-3,-0.1,-3.1,-0.1
425,Dickey Simpkins\simpkdi01,PF,25,GSW,19,196,9,0.454,0.021,0.542,10.1,15.1,12.5,13.5,1.3,0.7,24.2,17.5,-0.3,0.2,-0.1,-0.027,-4.9,0.1,-4.9,-0.1
426,Dickey Simpkins\simpkdi01,PF,25,CHI,21,237,11.9,0.646,0.024,1.073,3.8,11.2,7.5,10.8,0.9,0.9,17.7,13.9,0.4,0.3,0.7,0.146,-1.4,-0.3,-1.7,0
427,Reggie Slater\slatere01,PF,27,TOR,78,1662,12.4,0.52,0,0.702,8.7,12,10.3,7.2,1.4,1.2,14.5,18.5,1.3,0.1,1.5,0.042,-2.1,-2.6,-4.7,-1.1
428,Charles Smith\smithch04,SG,22,TOT,34,292,9.8,0.458,0.376,0.088,5.2,5.5,5.3,12.6,2.2,1.4,17.2,24,-0.4,0,-0.3,-0.057,-2.8,-3.1,-5.9,-0.3
429,Charles Smith\smithch04,SG,22,MIA,11,32,-0.5,0.265,0.167,0.111,18.9,10.7,14.7,10.5,3.4,2.3,24.1,36.3,-0.3,0.1,-0.2,-0.323,-12.4,-0.3,-12.7,-0.1
430,Charles Smith\smithch04,SG,22,LAC,23,260,11.1,0.491,0.411,0.084,3.5,4.9,4.2,12.9,2,1.3,15.9,22.5,-0.1,0,-0.1,-0.024,-1.6,-3.4,-5,-0.2
431,Joe Smith\smithjo02,PF,22,TOT,79,2344,14.4,0.482,0.007,0.274,9.1,12.9,11,7.7,1.4,1.5,11.6,25.4,0.6,2,2.6,0.052,-1.7,-1.1,-2.7,-0.4
432,Joe Smith\smithjo02,PF,22,GSW,49,1645,15.1,0.474,0.009,0.26,8.9,13.2,11,8,1.4,1.6,10.6,26.4,0.4,1.4,1.8,0.053,-1.5,-0.8,-2.3,-0.1
433,Joe Smith\smithjo02,PF,22,PHI,30,699,12.9,0.503,0.004,0.315,9.5,12.4,10.9,7.1,1.4,1.4,14.5,23.1,0.2,0.5,0.8,0.052,-2.2,-1.6,-3.8,-0.3
434,Michael Smith\smithmi02,PF,25,TOT,48,1053,14.3,0.524,0.005,0.531,12.9,20.2,16.5,12.5,2,1,17.6,12.3,1.3,0.8,2.1,0.096,-0.3,1.1,0.8,0.8
435,Michael Smith\smithmi02,PF,25,SAC,18,347,12.9,0.465,0,0.492,11,21.4,16,12.4,2.3,1.8,16.8,11.4,0.2,0.5,0.7,0.092,-2.4,2.6,0.2,0.2
436,Michael Smith\smithmi02,PF,25,VAN,30,706,15,0.551,0.008,0.549,13.9,19.7,16.8,12.6,1.9,0.6,17.9,12.7,1.1,0.3,1.4,0.099,0.7,0.4,1.1,0.6
437,Steve Smith\smithst01,SG,28,ATL,73,2857,18.8,0.563,0.251,0.413,5.7,7,6.4,18.4,1.4,0.7,11.9,23.9,8.4,1.8,10.2,0.171,4.5,-1.4,3.1,3.7
438,Tony Smith\smithto02,PG,29,MIL,7,80,6.4,0.369,0.167,0.167,6,4.6,5.3,19.8,3.3,1.8,25.9,19.8,-0.2,0.1,-0.1,-0.088,-5.8,0.1,-5.7,-0.1
439,Rik Smits\smitsri01,C,31,IND,73,2085,19.9,0.532,0.003,0.231,7.7,20.8,14.6,9.9,1,3,10.5,29.2,2.5,3.6,6.1,0.141,-0.4,0.7,0.3,1.2
440,Eric Snow\snower01,PG,24,TOT,64,918,11.7,0.486,0.092,0.386,2.4,7.8,5.1,30.3,3.5,0.4,22.6,13.7,0.3,1,1.3,0.067,-2.2,-0.7,-2.9,-0.2
441,Eric Snow\snower01,PG,24,SEA,17,74,2.2,0.456,0.043,0.435,0,6.3,3.2,27.6,0,1,30.5,24.7,-0.2,0,-0.2,-0.132,-9.3,-5,-14.4,-0.2
442,Eric Snow\snower01,PG,24,PHI,47,844,12.5,0.49,0.099,0.379,2.6,8,5.2,30.5,3.8,0.4,21.4,12.7,0.6,0.9,1.5,0.085,-1.6,-0.3,-1.8,0
443,Felton Spencer\spencfe01,C,30,GSW,68,813,8.5,0.495,0,0.612,11.9,18,14.8,3.2,1.5,3.1,23,11.4,-0.2,1,0.9,0.052,-5,1.5,-3.5,-0.3
444,Latrell Sprewell\sprewla01,SG,27,GSW,14,547,15.1,0.47,0.173,0.339,1.3,8.8,5,24.1,1.8,0.6,12.1,28.9,0,0.4,0.4,0.033,0.2,-1.7,-1.5,0.1
445,Jerry Stackhouse\stackje01,SG-SF,23,TOT,79,2545,16.2,0.532,0.2,0.462,4.8,7.5,6.2,17.2,1.9,1.7,16,25.3,2.4,2.3,4.7,0.089,0.9,-0.5,0.4,1.5
446,Jerry Stackhouse\stackje01,SF,23,PHI,22,748,14.9,0.539,0.163,0.357,4.3,7.4,5.8,16.4,2.2,2.1,18.4,24.1,0.3,0.6,0.9,0.056,-0.2,-0.3,-0.5,0.3
447,Jerry Stackhouse\stackje01,SG,23,DET,57,1797,16.8,0.53,0.215,0.504,5.1,7.5,6.3,17.5,1.8,1.6,15.1,25.8,2.2,1.7,3.8,0.103,1.3,-0.6,0.7,1.2
448,John Starks\starkjo01,SG,32,NYK,82,2188,14.3,0.504,0.42,0.248,2.6,10,6.3,18.1,1.9,0.2,12,25.6,1.5,3.1,4.6,0.101,1.3,-0.6,0.7,1.5
449,Joe Stephens\stephjo01,SF,25,HOU,7,37,17.7,0.441,0.357,0.214,9.7,9.5,9.6,5.7,2.9,0,6.1,40,0,0,0,-0.01,-1.1,-7.5,-8.6,-0.1
450,Kebu Stewart\stewake01,PF,24,PHI,15,110,14,0.541,0,0.962,9.3,23.2,16.2,3,2.4,1.3,17.8,18.4,0.1,0.2,0.2,0.098,-4.2,-1.3,-5.5,-0.1
451,Michael Stewart\stewami01,C,22,SAC,81,1761,12.9,0.486,0,0.44,12.2,21.9,16.9,5.2,0.9,7.5,18.1,11.9,0.4,2.6,3,0.081,-3.8,3.9,0.2,1
452,Bryant Stith\stithbr01,SG,27,DEN,31,718,9.2,0.447,0.213,0.382,2.4,8.4,5.3,12.1,1.6,0.8,11.8,18.9,-0.2,-0.1,-0.3,-0.018,-3.3,-3,-6.3,-0.8
453,John Stockton*\stockjo01,PG,35,UTA,64,1858,21.8,0.628,0.178,0.452,2.5,8.2,5.6,47.8,2.6,0.4,20.8,19.3,6.4,1.6,8,0.206,4.8,-2.2,2.6,2.2
454,Ed Stokes\stokeed01,C,26,TOR,4,17,6.4,0.387,0,0.667,6.3,20.6,13.2,8.6,3,8.1,34,15.2,-0.1,0,0,-0.077,-9.3,3.9,-5.4,0
455,Damon Stoudamire\stoudda01,PG,24,TOT,71,2839,16.8,0.503,0.279,0.263,3.4,8.6,5.9,35.1,2.1,0.2,15.5,22.4,3.9,0.8,4.7,0.079,2.5,-2.5,-0.1,1.4
456,Damon Stoudamire\stoudda01,PG,24,TOR,49,2033,17.7,0.514,0.246,0.255,3.3,8.8,6,34.4,2,0.2,14.7,23.4,3.2,-0.1,3.2,0.074,3,-3.2,-0.1,1
457,Damon Stoudamire\stoudda01,PG,24,POR,22,806,14.5,0.469,0.384,0.291,3.6,7.9,5.8,36.8,2.2,0.2,18,19.9,0.7,0.9,1.5,0.091,1.1,-1,0.1,0.4
458,Erick Strickland\stricer01,SG,24,DAL,67,1505,9.3,0.429,0.292,0.151,2.5,9.5,6,18.8,2,0.4,15.1,21.3,-1.7,0.8,-0.9,-0.028,-3.1,-1.8,-4.9,-1.1
459,Mark Strickland\stricma01,PF,27,MIA,51,847,17.4,0.572,0.004,0.305,11.4,17.8,14.7,5.6,1.2,2.9,13.3,19.4,1.5,1.3,2.8,0.157,-0.9,0.4,-0.5,0.3
460,Rod Strickland\stricro02,PG,31,WAS,76,3020,19.6,0.501,0.042,0.435,4.1,11.4,7.6,43.1,2.2,0.6,16.5,23.7,5.1,3,8.1,0.129,2.5,0.1,2.6,3.5
461,Derek Strong\stronde01,PF,29,ORL,58,1638,16.6,0.497,0.006,0.452,10.7,20.2,15.3,5.8,1,1.1,9.1,22.8,2.5,2,4.4,0.13,-1.2,-1.3,-2.5,-0.2
462,Bob Sura\surabo01,SG,24,CLE,46,942,9.6,0.463,0.26,0.567,3.3,8.9,6.1,29.4,2.5,0.6,24.4,18.7,-0.7,1.4,0.7,0.036,-2.7,0.3,-2.4,-0.1
463,탐an Tabak\tabakza01,C,27,TOT,57,984,9.7,0.464,0.003,0.201,9.2,15.6,12.2,8.1,1.1,2.8,15.6,17.4,-0.4,0.4,0,-0.001,-4,-1.4,-5.4,-0.8
464,탐an Tabak\tabakza01,C,27,TOR,39,752,9.9,0.459,0.004,0.193,8.5,14.7,11.5,8.1,1,2.5,14,18.3,-0.4,0.1,-0.2,-0.013,-3.9,-2,-5.9,-0.7
465,탐an Tabak\tabakza01,C,27,BOS,18,232,9.2,0.486,0,0.236,11.7,18.3,14.7,7.9,1.1,3.7,21.9,14.5,-0.1,0.2,0.2,0.036,-4.2,0.8,-3.4,-0.1
466,Johnny Taylor\taylojo01,SF,23,ORL,12,108,4.4,0.431,0.054,0.432,4.3,10,7.1,1.6,1.5,1.3,15.4,22.1,-0.2,0.1,-0.1,-0.032,-7.3,-2.6,-10,-0.2
467,Maurice Taylor\tayloma01,PF,21,LAC,71,1513,16.1,0.521,0.001,0.361,8.8,13.5,11.1,6.6,1.2,1.8,12,26.1,1.5,0.3,1.8,0.057,-1.6,-3,-4.6,-1
468,Carl Thomas\thomaca01,SG,28,TOT,43,426,10.9,0.49,0.421,0.179,2.7,10.4,6.6,7.9,2.6,1.2,10.7,17.9,0.1,0.6,0.7,0.074,-1.9,-0.2,-2.1,0
469,Carl Thomas\thomaca01,SG,28,GSW,10,139,11,0.447,0.323,0.154,3,4.7,3.8,12,1.9,0.5,8,23.7,0,0.1,0.1,0.019,-1.7,-3.2,-4.8,-0.1
470,Carl Thomas\thomaca01,SG,28,ORL,4,15,27.8,0.765,0,0.4,0,0,0,15.4,0,4.8,0,18,0.1,0,0.1,0.271,3.7,-5.3,-1.6,0
471,Carl Thomas\thomaca01,SG,28,CLE,29,272,10,0.508,0.543,0.186,2.7,13.8,8.3,5.4,3.1,1.4,13.7,14.9,0,0.5,0.5,0.092,-2.3,1.5,-0.8,0.1
472,John Thomas\thomajo02,PF,22,TOT,54,535,9.1,0.552,0,0.478,9.7,13.5,11.5,4.9,2.1,1.7,25.2,14.8,0,0.4,0.4,0.034,-4.1,-0.6,-4.7,-0.4
473,John Thomas\thomajo02,PF,22,BOS,33,368,10.2,0.571,0,0.413,9.4,13.3,11.2,5.4,2.7,1.9,25.9,15,0,0.4,0.4,0.054,-3.6,0.6,-3,-0.1
474,John Thomas\thomajo02,PF,22,TOR,21,167,6.8,0.509,0,0.636,10.3,14,12.1,3.6,0.9,1.2,23.5,14.5,0,0,0,-0.009,-5.2,-3.3,-8.5,-0.3
475,Kurt Thomas\thomaku01,PF,25,DAL,5,73,6.4,0.399,0,0.067,11.9,24.9,18.3,8.4,0.7,0,17.8,35.3,-0.3,0.1,-0.2,-0.161,-9.3,-5,-14.4,-0.2
476,Tim Thomas\thomati01,SF,20,PHI,77,1779,14.9,0.538,0.25,0.338,6.9,11.8,9.3,9.3,1.6,0.7,13.1,22.8,2.1,1.3,3.4,0.091,0.6,-1.9,-1.3,0.3
477,Brooks Thompson\thompbr01,PG,27,TOT,30,167,11.2,0.496,0.536,0.143,0.7,10,5.3,26.5,3.2,0.5,21.2,20.9,-0.1,0.3,0.2,0.051,-2.2,-1.1,-3.2,-0.1
478,Brooks Thompson\thompbr01,PG,27,PHO,13,46,11.4,0.459,0.593,0.111,2.6,9.9,6.3,11.5,4.6,0,15,32.8,-0.1,0.1,0,-0.034,-1.5,-2.2,-3.6,0
479,Brooks Thompson\thompbr01,PG,27,NYK,17,121,11.2,0.529,0.483,0.172,0,10,5,32.3,2.7,0.6,26.1,16.4,0,0.2,0.2,0.084,-2.4,-0.6,-3.1,0
480,Otis Thorpe\thorpot01,PF,35,TOT,74,2197,13.4,0.515,0.008,0.385,7.8,20.1,13.9,16.3,1.1,0.9,17.2,17.8,1.4,1.1,2.5,0.055,-1.1,0.1,-1,0.6
481,Otis Thorpe\thorpot01,PF,35,VAN,47,1574,13,0.523,0.009,0.395,7.3,19.7,13.6,16.3,1,1,18.6,17.5,0.9,0.4,1.4,0.041,-1,-0.1,-1.1,0.4
482,Otis Thorpe\thorpot01,PF,35,SAC,27,623,14.4,0.498,0.005,0.361,8.9,21,14.8,16.1,1.5,0.8,14.1,18.7,0.5,0.7,1.1,0.088,-1.4,0.5,-0.9,0.2
483,Gary Trent\trentga01,PF,23,TOT,54,1360,16.2,0.527,0.024,0.42,10.5,17.9,14.3,9.6,1.4,1.4,13.6,22.8,1.6,1.6,3.1,0.11,-0.9,-0.7,-1.6,0.1
484,Gary Trent\trentga01,PF,23,POR,41,1005,16.7,0.547,0.025,0.454,9.6,17.2,13.5,10.5,1.4,1.4,14.3,22.6,1.4,1.4,2.8,0.135,-0.4,0.2,-0.2,0.5
485,Gary Trent\trentga01,PF,23,TOR,13,355,14.9,0.474,0.021,0.336,13.1,20,16.4,7,1.2,1.6,11.6,23.4,0.1,0.1,0.3,0.039,-2.2,-3.3,-5.5,-0.3
486,Nick Van Exel\vanexni01,PG,26,LAL,64,2053,17.8,0.538,0.425,0.231,1.8,8.8,5.3,33.5,1.6,0.2,11.3,19.8,5.6,1.5,7.1,0.166,3.8,-2.4,1.4,1.8
487,Keith Van Horn\vanhoke01,PF,22,NJN,62,2325,15.7,0.516,0.214,0.291,6.6,14.1,10.1,7.9,1.5,0.8,12.2,25.2,3.2,1.6,4.8,0.098,1,-1.4,-0.4,0.9
488,David Vaughn\vaughda02,PF,24,TOT,40,489,11.4,0.48,0.007,0.318,11.4,23.1,17,7,1.6,1.4,19.2,18.6,-0.2,0.6,0.4,0.04,-4.3,-0.2,-4.4,-0.3
489,David Vaughn\vaughda02,PF,24,GSW,22,322,10.8,0.442,0.009,0.298,11,23.2,16.9,9.7,1.6,1.3,19.4,21.7,-0.5,0.4,0,-0.002,-5.3,0.2,-5.1,-0.3
490,David Vaughn\vaughda02,PF,24,CHI,3,6,23.3,0.725,0,4,0,19.2,9.5,0,0,0,0,20.6,0,0,0,0.315,0.6,-6.9,-6.3,0
491,David Vaughn\vaughda02,PF,24,NJN,15,161,12.1,0.595,0,0.273,12.8,23,17.6,1.9,1.6,1.8,19.6,12.4,0.2,0.2,0.4,0.114,-2.3,-0.8,-3.1,0
492,Jacque Vaughn\vaughja01,PG,22,UTA,45,419,6.9,0.457,0.066,0.557,1.3,9.5,5.6,30.8,1.2,0.2,26.9,23,-0.6,0.2,-0.4,-0.048,-5.3,-3.1,-8.4,-0.7
493,Loy Vaught\vaughlo01,PF,29,LAC,10,265,7.8,0.428,0.024,0.095,6.8,21.2,14,4.4,0.8,0.5,12.9,16.8,-0.2,0.1,-0.2,-0.029,-5.4,-2.4,-7.7,-0.4
494,Stojko Vrankovi훶\vrankst01,C,34,LAC,65,996,9.4,0.454,0,0.349,8,22.1,15,5.5,0.6,4.4,17.7,11.6,-0.2,0.6,0.4,0.02,-5,0.9,-4.1,-0.5
495,Antoine Walker\walkean02,PF,21,BOS,82,3268,17.8,0.481,0.171,0.277,9,22.3,15.1,15.4,2.2,1.4,13.2,29.2,0.8,4,4.7,0.07,0.4,0.3,0.7,2.2
496,Samaki Walker\walkesa01,PF,21,DAL,41,1027,14.4,0.502,0.003,0.302,10.2,22.8,16.4,4.1,1.6,2.7,14.4,18.9,0.1,1.3,1.4,0.067,-3.7,-0.2,-3.9,-0.5
497,Ben Wallace\wallabe01,C,23,WAS,67,1124,13.4,0.495,0,0.598,11,22.2,16.4,2.3,2.8,4.6,11.9,9.3,0.8,2.2,2.9,0.125,-3.1,3.5,0.4,0.7
498,John Wallace\wallajo01,SF,23,TOR,82,2361,14.8,0.518,0.002,0.299,5.3,12.6,8.9,8.5,1.4,2.9,13.4,23.8,1.1,0.5,1.5,0.031,-2.2,-2.1,-4.3,-1.4
499,Rasheed Wallace\wallara01,PF,23,POR,77,2896,14.9,0.564,0.045,0.318,5.5,13.4,9.6,11.9,1.4,2.2,14.3,18.2,3.8,3.8,7.6,0.125,0.2,1.9,2.1,3
500,Rex Walters\waltere01,SG,27,TOT,38,235,11.8,0.612,0.415,0.528,2.5,9.2,5.9,24.1,1.8,0.3,29.2,17.9,0.2,0.2,0.4,0.073,-1.7,-2.2,-3.9,-0.1
501,Rex Walters\waltere01,SG,27,PHI,19,127,9.7,0.576,0.483,0.586,2.7,5.5,4.1,26.2,2.1,0,31.8,18.9,0,0.1,0.1,0.022,-2.5,-3.5,-6,-0.1
502,Rex Walters\waltere01,SG,27,MIA,19,108,14.2,0.659,0.333,0.458,2.2,13.7,8.1,21.6,1.5,0.7,25.7,16.8,0.2,0.1,0.3,0.134,-0.9,-0.6,-1.5,0
503,Charlie Ward\wardch01,PG,27,NYK,82,2317,15.6,0.567,0.417,0.219,1.7,12.6,7.1,32.4,3.4,1.2,23.6,15,2.6,4.5,7.1,0.148,0.8,2.5,3.3,3.1
504,Eric Washington\washier01,SG,23,DEN,66,1539,9.6,0.478,0.275,0.167,3.5,6.3,4.9,9.3,1.8,1.2,11.9,17.9,-0.1,-0.2,-0.3,-0.008,-2.2,-2.5,-4.7,-1.1
505,Clarence Weatherspoon\weathcl01,PF,27,TOT,79,2325,14,0.504,0,0.456,9.3,19.3,14.2,6.4,1.9,2.3,14,16.2,1.5,3,4.5,0.093,-2.2,1.5,-0.6,0.8
506,Clarence Weatherspoon\weathcl01,PF,27,PHI,48,1290,13.7,0.497,0,0.526,9.6,20.4,15,5.1,1.8,3,14.5,16.6,0.7,1.7,2.3,0.087,-2.7,1.2,-1.5,0.1
507,Clarence Weatherspoon\weathcl01,PF,27,GSW,31,1035,14.4,0.513,0,0.372,8.9,18,13.3,8,2.1,1.5,13.4,15.7,0.9,1.3,2.2,0.101,-1.5,2,0.5,0.6
508,Spud Webb\webbsp01,PG,34,ORL,4,34,3.2,0.466,0.083,0.167,6.8,3.5,5.2,26.7,1.6,0,35.2,26.8,-0.1,0,-0.1,-0.161,-7.2,-2.9,-10.1,-0.1
509,Chris Webber\webbech01,C,24,WAS,71,2809,20.9,0.523,0.153,0.248,6.9,20.8,13.7,17.8,2.1,3.1,11.1,26.5,3.9,4.4,8.3,0.142,2.6,2.4,4.9,4.9
510,Bubba Wells\wellsbu01,SG,23,DAL,39,395,11.1,0.474,0.052,0.371,6.1,13.2,9.6,14.3,2,0.7,18.7,19.2,-0.2,0.3,0.1,0.013,-4.1,-0.9,-5,-0.3
511,Bill Wennington\wennibi01,C,34,CHI,48,467,9.4,0.461,0,0.122,7.8,11.8,9.8,6.7,0.5,0.8,8.1,18.9,0.3,0.6,0.8,0.085,-3.4,-1.8,-5.2,-0.4
512,David Wesley\wesleda01,PG,27,CHH,81,2845,15.2,0.532,0.197,0.333,2.1,6.9,4.5,30.2,2.6,0.8,18.6,19.8,3.3,2.5,5.8,0.098,1,-0.8,0.3,1.6
513,Doug West\westdo01,SG,30,MIN,38,688,5.6,0.416,0.012,0.234,3.8,9.6,6.8,9.4,0.8,0.5,10,13.5,-0.2,0.2,0.1,0.004,-4.1,-1.3,-5.4,-0.6
514,Mark West\westma01,C,37,IND,15,105,5.1,0.486,0,0.286,7.2,9.8,8.6,3,1,2.7,25.3,14.3,-0.1,0.1,0,-0.002,-5.4,1,-4.4,-0.1
515,DeJuan Wheat\wheatde01,PG,24,MIN,34,150,13.5,0.504,0.34,0.3,2.3,6,4.2,25.3,2.1,0.5,13.7,19.4,0.2,0.1,0.2,0.072,-0.5,-3.4,-3.9,-0.1
516,Donald Whiteside\whitedo01,PG,28,ATL,3,16,0.7,0.347,0.5,1,0,7.1,3.7,9.4,0,0,25.8,11.2,0,0,0,-0.12,-6.9,-2.9,-9.8,0
517,Chris Whitney\whitnch01,PG,26,WAS,82,1073,14.8,0.512,0.476,0.363,1.6,10.8,6.1,27.7,1.7,0.4,13.6,19.7,1.8,0.9,2.7,0.12,0.8,-2.3,-1.5,0.1
518,Gerald Wilkins\wilkige01,SG,34,ORL,72,1252,5.4,0.398,0.251,0.226,1.5,7.1,4.2,10.6,1.5,0.3,14.2,20.4,-2.1,0.9,-1.2,-0.048,-5.2,-2,-7.2,-1.6
519,Aaron Williams\williaa01,PF,26,SEA,65,757,13.4,0.575,0.005,0.386,7.7,15.4,11.6,3,1.3,3.8,16.3,18.8,0.7,1,1.7,0.105,-3.4,-0.5,-3.8,-0.4
520,Alvin Williams\willial02,SG,23,TOT,54,1071,10.3,0.504,0.099,0.319,2.6,6,4.4,15.7,1.9,0.2,15.3,16,0.5,0.8,1.3,0.059,-2.4,-1.2,-3.6,-0.4
521,Alvin Williams\willial02,SG,23,POR,41,864,11,0.519,0.101,0.332,2.7,5.3,4,16,1.9,0.2,15.5,16.9,0.6,0.8,1.4,0.075,-1.9,-1,-2.9,-0.2
522,Alvin Williams\willial02,SG,23,TOR,13,207,7.3,0.42,0.091,0.25,2.6,9,5.7,14.5,2,0.3,14.1,12,0,0,0,-0.009,-4.3,-2.4,-6.7,-0.2
523,Brandon Williams\willibr01,SG,22,GSW,9,140,2.9,0.357,0.18,0.08,3,8.6,5.7,3.6,2.2,1.5,14.8,18.9,-0.4,0.1,-0.3,-0.089,-7.8,-0.7,-8.4,-0.2
524,Buck Williams\willibu01,PF,37,NYK,41,738,12.3,0.56,0,0.477,12.6,17.2,14.9,4.6,1.3,1.6,17.4,13.9,0.9,1.2,2.1,0.135,-1.8,1.5,-0.3,0.3
525,Eric Williams\willier01,SF,25,DEN,4,145,17,0.489,0,0.738,7.9,9.2,8.5,16.1,1.5,0,10,28.2,0.2,0,0.1,0.048,-0.3,-4.3,-4.6,-0.1
526,Herb Williams\willihe01,PF,39,NYK,27,178,6.1,0.398,0,0.186,4,15.6,9.8,3.6,1.8,3.9,9.7,13.6,-0.2,0.3,0.2,0.041,-6.6,2.6,-4,-0.1
527,Hot Rod Williams\williho01,C,35,PHO,71,1333,11.5,0.525,0,0.46,9.6,17.5,13.7,5.1,1.3,3.3,10.7,9.2,1.7,2.1,3.7,0.135,-1.9,2.7,0.8,0.9
528,Jayson Williams\willija01,C,29,NJN,65,2343,18.7,0.541,0.006,0.454,20.5,23.2,21.8,4.5,1,1.5,10.9,16.1,6.1,2.3,8.4,0.172,2.3,-0.2,2.1,2.4
529,Jerome Williams\willije01,PF,24,DET,77,1305,16.3,0.568,0.003,0.576,15.4,19.2,17.3,6.1,2.1,0.6,14.3,15,2.6,1.9,4.5,0.166,0.5,0.4,0.9,1
530,Lorenzo Williams\willilo01,PF,28,WAS,14,111,14.1,0.727,0,0.118,15.9,10.6,13.3,4.1,0.9,1.9,10.1,8,0.3,0.1,0.4,0.169,1.4,-0.2,1.1,0.1
531,Micheal Williams\willimi02,PG,31,MIN,25,161,13.9,0.512,0.083,0.688,1.4,8.4,4.9,28.7,2.9,0.9,20.4,21.7,0.1,0.1,0.3,0.08,-2.5,-1.9,-4.4,-0.1
532,Monty Williams\willimo01,SF,26,SAS,72,1314,11.3,0.505,0.005,0.495,6.3,9.2,7.9,11.2,1.4,1.3,15.5,18.9,0.5,1.9,2.3,0.086,-2.5,0.7,-1.8,0.1
533,Scott Williams\willisc01,C,29,PHI,58,801,12.1,0.492,0.023,0.296,12.4,17.9,15.1,6,1.1,1.9,11.1,15.2,0.9,0.8,1.7,0.101,-2,-0.6,-2.6,-0.1
534,Travis Williams\willitr01,SF,28,CHH,39,365,13.7,0.488,0.008,0.387,17.7,12.8,15.2,9.2,2.6,1,17.7,21.4,0.1,0.4,0.5,0.065,-0.9,-0.3,-1.3,0.1
535,Walt Williams\williwa02,SF,27,TOT,59,1470,13.4,0.508,0.403,0.23,3.9,11.7,7.7,14,2.1,1.7,13.3,20.9,1.1,1,2.2,0.071,0.1,-1.1,-1.1,0.3
536,Walt Williams\williwa02,SF,27,TOR,28,876,13,0.504,0.404,0.188,3.3,12.1,7.5,13.1,2.4,1.8,13.1,19.9,0.5,0.3,0.8,0.044,0,-1.5,-1.5,0.1
537,Walt Williams\williwa02,SF,27,POR,31,594,14,0.513,0.4,0.289,4.7,11.2,8,15.3,1.7,1.5,13.6,22.4,0.6,0.7,1.4,0.112,0.2,-0.6,-0.4,0.2
538,Corliss Williamson\willico02,SF,24,SAC,79,2819,16,0.527,0.008,0.391,6.3,11.5,8.8,14.8,1.4,1.2,13,24.1,2.6,1.8,4.4,0.076,0.3,-0.5,-0.2,1.3
539,Kevin Willis\willike02,PF,35,HOU,81,2528,18.3,0.555,0.007,0.293,11,20.7,15.9,5.8,1.1,1.1,12.6,24.1,4.3,1.7,6,0.114,-0.5,-1.9,-2.4,-0.3
540,David Wingate\wingada01,SG,34,SEA,58,546,8.6,0.491,0.05,0.207,4.2,12.9,8.6,10.4,2.1,0.4,19.5,16.1,-0.3,0.6,0.3,0.026,-4.3,-0.3,-4.6,-0.4
541,Dontonio Wingfield\wingfdo01,SF,23,POR,3,9,-7.1,0.129,0,0.667,26.8,24.9,25.8,0,0,0,20.5,24.6,-0.1,0,-0.1,-0.299,-16.9,-8.9,-25.8,-0.1
542,Joe Wolf\wolfjo01,PF,33,DEN,57,621,5.1,0.347,0.083,0.083,6.6,17.6,12,7.9,1.7,0.8,14.9,10.8,-0.7,0.2,-0.5,-0.037,-5.9,-0.8,-6.7,-0.7
543,Lorenzen Wright\wrighlo02,C,22,LAC,69,2067,13.6,0.49,0.004,0.395,9.8,23.7,16.7,4.3,1.4,2.8,11.3,15.4,1.5,1.5,3.1,0.071,-2.6,0.2,-2.4,-0.2
544,Sharone Wright\wrighsh01,C,25,TOR,7,44,10.7,0.508,0,0.286,2.5,21.2,11.5,15.5,0,0,11.3,17.7,0,0,0,0.036,-4,-4.4,-8.4,-0.1
545,George Z챠dek\zidekge01,C,24,TOT,12,64,9.1,0.402,0.069,0.552,7.2,24.4,15.7,5.1,0,2.3,10,28.7,-0.1,0,0,-0.036,-8.8,-5.6,-14.4,-0.2
546,George Z챠dek\zidekge01,C,24,DEN,6,42,12.7,0.444,0,0.8,10.9,26,18.2,4.1,0,3.6,12.9,25.2,0,0,0,0.008,-7.3,-4.7,-12,-0.1
547,George Z챠dek\zidekge01,C,24,SEA,6,22,2.3,0.349,0.143,0.286,0,21.3,10.9,7.1,0,0,6,35.3,-0.1,0,-0.1,-0.12,-11.6,-7.3,-18.9,-0.1
